날짜,open,high,low,close,volume
2016-01-04,16946,16946,16458,16459,303531
2016-01-05,16336,16671,16092,16186,484290
2016-01-06,16275,16336,16001,16063,383877
2016-01-07,16001,16214,15940,16003,206265
2016-01-08,15849,15940,15422,15637,599126
2016-01-11,15513,16001,15513,15820,267792
2016-01-12,15970,16092,15513,15545,240069
2016-01-13,15666,15970,15604,15789,206992
2016-01-14,15544,15696,15239,15454,391605
2016-01-15,15604,15635,15239,15240,291430
2016-01-18,15239,15391,15148,15179,255323
2016-01-19,15086,15178,14630,14722,528855
2016-01-20,14630,14690,14112,14142,584612
2016-01-21,14202,14568,13929,14142,619296
2016-01-22,14264,14782,14233,14539,383593
2016-01-25,14690,14903,14538,14813,248439
2016-01-26,14630,14873,14477,14630,199329
2016-01-27,14813,15056,14660,14783,298975
2016-01-28,14782,15178,14690,15179,265381
2016-01-29,15239,15239,14903,15088,219467
2016-02-01,15544,15727,15361,15637,467648
2016-02-02,15544,15757,15391,15698,353392
2016-02-03,15635,15970,15452,15820,435621
2016-02-04,15818,15970,15696,15820,268055
2016-02-05,15666,15818,15513,15545,245081
2016-02-11,14813,15300,14782,15057,286589
2016-02-12,14995,15178,14568,14843,339441
2016-02-15,14965,15422,14843,15423,213133
2016-02-16,15422,15483,15117,15362,177412
2016-02-17,15239,15787,15239,15423,225118
2016-02-18,15696,15696,15483,15515,169726
2016-02-19,15331,15604,15269,15606,182344
2016-02-22,15452,15909,15422,15911,252709
2016-02-23,15970,16428,15940,16246,422016
2016-02-24,16305,16336,15970,16094,205677
2016-02-25,16062,16153,15574,15698,374435
2016-02-26,15727,15787,15544,15575,196512
2016-02-29,15635,15970,15604,15667,196640
2016-03-02,15970,16032,15787,15972,211736
2016-03-03,16092,16732,16001,16734,877323
2016-03-04,16976,17189,16763,17100,836977
2016-03-07,17312,17921,17189,17861,978932
2016-03-08,17921,18074,17433,17770,560822
2016-03-09,17769,18409,17738,18410,1144784
2016-03-10,18531,18653,18134,18654,673459
2016-03-11,18562,18897,18500,18837,739451
2016-03-14,19049,19080,17952,18440,645817
2016-03-15,18287,18592,18044,18136,483362
2016-03-16,17982,18592,17952,18532,524730
2016-03-17,18562,18683,18409,18471,358850
2016-03-18,18439,18744,18165,18745,432877
2016-03-21,18927,19049,18439,18592,347395
2016-03-22,18409,18562,18074,18532,371411
2016-03-23,18196,18409,18074,18257,392211
2016-03-24,18348,18409,17952,18227,270150
2016-03-25,17952,18074,17738,17922,346308
2016-03-28,17982,18104,17891,18014,164906
2016-03-29,18074,18714,18074,18592,579556
2016-03-30,18744,18805,18562,18715,357862
2016-03-31,18835,19080,18714,18898,449911
2016-04-01,18897,19140,18683,18958,574847
2016-04-04,18835,18866,18562,18715,276429
2016-04-05,18409,18653,17586,18044,721808
2016-04-06,18013,18439,17952,18227,283535
2016-04-07,18226,18988,17952,18837,450186
2016-04-08,18653,19110,18409,18958,480427
2016-04-11,18958,19598,18927,19507,855236
2016-04-12,19628,19659,19445,19599,336051
2016-04-14,19384,20085,19384,20056,806458
2016-04-15,20055,20299,19598,19599,520434
2016-04-18,19293,19506,19080,19203,558111
2016-04-19,19171,19750,19171,19569,535639
2016-04-20,19567,19689,19110,19111,472502
2016-04-21,19080,19293,18531,18928,778489
2016-04-22,18866,18866,18470,18562,536653
2016-04-25,19293,19598,17952,18136,1433641
2016-04-26,18104,18134,17525,17678,1149782
2016-04-27,17769,18013,17678,17709,409379
2016-04-28,17738,17891,17678,17709,299617
2016-04-29,17708,17861,17586,17801,396954
2016-05-02,17891,17921,17556,17618,287122
2016-05-03,17738,18104,17738,17983,366291
2016-05-04,17982,18013,17769,17801,283408
2016-05-09,17830,17982,17403,17435,412890
2016-05-10,17250,17738,17189,17709,296325
2016-05-11,17708,17738,17373,17556,285281
2016-05-12,17281,17586,17219,17373,343532
2016-05-13,17373,17952,17373,17953,410741
2016-05-16,18013,18104,17799,17801,196504
2016-05-17,18074,18165,17403,17465,395377
2016-05-18,17464,17616,17312,17313,241456
2016-05-19,17373,17403,16641,16795,464181
2016-05-20,16580,16854,16488,16764,299025
2016-05-23,16763,16915,16580,16734,187980
2016-05-24,16580,16671,16336,16368,277683
2016-05-25,16488,16610,16305,16307,272000
2016-05-26,16336,16397,16275,16276,187505
2016-05-27,16336,16763,16245,16673,285118
2016-05-30,16671,16854,16519,16521,219983
2016-05-31,16610,16976,16549,16886,394140
2016-06-01,16884,16915,16519,16642,281919
2016-06-02,16610,16793,16519,16551,178082
2016-06-03,16641,16671,16519,16521,133683
2016-06-07,16580,16763,16397,16642,267733
2016-06-08,16580,17006,16428,16977,267491
2016-06-09,16884,17098,16641,16673,552867
2016-06-10,16641,16946,16641,16856,176287
2016-06-13,16458,16580,16184,16307,403113
2016-06-14,16214,16367,15909,16094,310002
2016-06-15,16092,16123,15849,15911,229018
2016-06-16,15909,16092,15544,15606,265884
2016-06-17,15604,16092,15604,15972,182180
2016-06-20,16062,16763,16032,16764,333898
2016-06-21,16793,16854,16488,16490,212842
2016-06-22,16488,16610,16275,16307,146789
2016-06-23,16305,16428,16032,16216,207241
2016-06-24,16336,16397,15239,15728,623630
2016-06-27,15361,15604,15208,15606,388334
2016-06-28,15452,15696,15361,15515,190381
2016-06-29,15696,15879,15574,15850,149819
2016-06-30,15879,16001,15666,15820,156903
2016-07-01,15787,15940,15757,15850,151526
2016-07-04,15879,16001,15818,15820,142945
2016-07-05,15818,15909,15544,15637,228065
2016-07-06,15666,15666,15452,15454,168296
2016-07-07,15513,15666,15483,15575,104757
2016-07-08,15604,15727,15239,15454,160311
2016-07-11,15666,15757,15331,15667,161138
2016-07-12,15787,15849,15635,15667,147065
2016-07-13,15727,16001,15727,15758,277034
2016-07-14,15696,15970,15666,15728,247292
2016-07-15,15909,16458,15879,16338,565920
2016-07-18,16214,16701,16214,16551,265657
2016-07-19,16549,16641,16275,16612,221964
2016-07-20,16610,16641,16367,16399,174942
2016-07-21,16519,16763,16367,16764,233821
2016-07-22,16701,16732,16458,16612,177851
2016-07-25,16610,16671,16397,16673,204316
2016-07-26,16519,16610,16245,16429,199282
2016-07-27,16428,16793,16367,16673,187588
2016-07-28,16671,17343,16671,17343,770853
2016-07-29,17281,17433,17067,17373,274187
2016-08-01,17373,17708,17189,17648,490524
2016-08-02,17586,18013,17586,17861,626491
2016-08-03,17678,17769,17281,17465,333906
2016-08-04,17343,17433,16884,17160,301312
2016-08-05,17067,17403,17067,17100,187518
2016-08-08,17250,17495,17067,17160,218853
2016-08-09,17219,17343,17037,17313,168964
2016-08-10,17495,18044,17403,18044,770204
2016-08-11,18044,18531,17921,18532,989638
2016-08-12,18531,19140,18348,19080,1190580
2016-08-16,19110,19171,18775,18837,470718
2016-08-17,18775,18835,18013,18257,505766
2016-08-18,18348,18866,18165,18257,354509
2016-08-19,18257,18683,18257,18532,363132
2016-08-22,18622,18622,18013,18471,310252
2016-08-23,18165,18226,16701,17100,1632246
2016-08-24,17159,17495,16884,17435,438559
2016-08-25,17495,17586,17067,17191,346052
2016-08-26,17495,17952,17250,17801,579529
2016-08-29,17708,17861,17373,17739,379057
2016-08-30,17738,19293,17373,18958,2046185
2016-08-31,19536,20055,19110,19233,1305133
2016-09-01,19567,21151,19415,21062,2673595
2016-09-02,21274,21517,20573,21337,1532287
2016-09-05,20786,21274,20390,20909,1572707
2016-09-06,20055,20938,19719,20636,2214513
2016-09-07,21030,21061,20512,20574,652245
2016-09-08,21365,21609,20603,20971,1204194
2016-09-09,20938,20938,19841,20117,890950
2016-09-12,19811,20268,19476,19599,516653
2016-09-13,19781,19872,19110,19538,431107
2016-09-19,19263,19719,19080,19630,389575
2016-09-20,19384,19933,19201,19721,322149
2016-09-21,19506,19994,19354,19630,382112
2016-09-22,19933,20908,19902,20696,858426
2016-09-23,20695,20969,20573,20636,363437
2016-09-26,20633,20695,20146,20270,309225
2016-09-27,20482,21274,20482,21154,808493
2016-09-28,20695,21762,20542,21733,1115271
2016-09-29,21609,21823,21334,21610,399819
2016-09-30,21609,21609,21091,21305,397679
2016-10-04,21274,21334,20329,20483,564338
2016-10-05,20512,20512,19964,20087,429198
2016-10-06,19872,20146,19415,19507,575072
2016-10-07,19323,19994,19293,19812,385258
2016-10-10,20055,20055,19628,19660,208408
2016-10-11,19933,20268,19598,19752,439061
2016-10-12,19567,20177,19536,20148,289322
2016-10-13,20116,20268,19902,19904,269351
2016-10-14,19902,20085,19506,19507,305840
2016-10-17,19506,19689,18958,19416,330106
2016-10-18,19384,19415,18775,18958,505041
2016-10-19,18988,19232,18866,19050,306016
2016-10-20,19323,19659,19080,19080,458242
2016-10-21,18958,19476,18958,19203,235864
2016-10-24,19506,19659,19384,19599,201001
2016-10-25,19506,19628,19263,19324,403173
2016-10-26,19659,19659,18592,18867,509321
2016-10-27,18866,19750,18866,19385,378806
2016-10-28,19354,19567,18897,19477,230916
2016-10-31,19323,19536,19201,19507,184141
2016-11-01,19689,19750,19323,19446,207610
2016-11-02,19536,19689,18988,19050,211373
2016-11-03,19018,19323,18958,19141,197000
2016-11-04,19140,19232,18958,19080,82775
2016-11-07,19293,19415,18835,19050,158927
2016-11-08,19506,19506,18927,19385,238846
2016-11-09,19506,19567,18287,18775,470013
2016-11-10,19201,19201,18714,18715,269350
2016-11-11,18622,18714,17586,17648,845022
2016-11-14,17525,18044,17433,17983,299613
2016-11-15,18196,18500,18134,18349,391930
2016-11-16,18379,18470,18196,18379,245606
2016-11-17,18287,18500,18134,18379,156833
2016-11-18,18287,18592,17921,18592,385148
2016-11-21,18562,18683,18409,18592,242649
2016-11-22,18470,18592,18348,18592,164497
2016-11-23,18653,19384,18592,19050,470806
2016-11-24,19110,19140,18653,18806,249642
2016-11-25,18714,18958,18500,18806,154065
2016-11-28,18622,18835,18317,18684,238824
2016-11-29,18744,18958,18653,18715,245437
2016-11-30,18775,19354,18775,19050,487963
2016-12-01,18500,18835,18409,18471,473662
2016-12-02,18439,18683,18165,18532,232705
2016-12-05,18531,18592,18287,18288,190653
2016-12-06,18348,18439,18013,18288,290860
2016-12-07,18348,18348,17586,17709,397382
2016-12-08,17799,17861,17433,17861,487835
2016-12-09,17708,18013,17586,17983,258971
2016-12-12,18044,18074,17616,17709,313193
2016-12-13,17799,18044,17525,17983,568927
2016-12-14,17952,18348,17891,18227,387849
2016-12-15,18196,18317,18074,18197,184830
2016-12-16,18074,18196,17738,17983,258218
2016-12-19,17861,17891,17586,17618,250263
2016-12-20,17708,17799,17586,17739,166383
2016-12-21,17647,17769,17525,17526,185554
2016-12-22,17495,17708,17464,17709,253685
2016-12-23,17525,17647,17495,17526,197057
2016-12-26,17403,17616,17403,17556,240198
2016-12-27,17495,17708,17464,17496,118859
2016-12-28,17433,17495,17189,17313,199447
2016-12-29,17098,17250,16610,16673,552721
2017-01-02,16671,16763,16245,16307,382705
2017-01-03,16336,16519,16275,16521,422614
2017-01-04,16519,16519,16214,16490,445005
2017-01-05,16458,16763,16458,16704,643999
2017-01-06,15909,16488,15818,16338,2380202
2017-01-09,16245,16275,15757,15880,749120
2017-01-10,15970,16062,15757,15880,380018
2017-01-11,15940,16062,15818,16063,390851
2017-01-12,16062,16610,16001,16581,648337
2017-01-13,16397,16549,16245,16521,370633
2017-01-16,16610,16701,16367,16551,306630
2017-01-17,16549,16580,16397,16429,232121
2017-01-18,16519,16793,16519,16704,322413
2017-01-19,16610,17129,16610,17008,622337
2017-01-20,17067,17098,16793,17069,398907
2017-01-23,16824,17312,16824,17313,563275
2017-01-24,17312,17506,17085,17151,432065
2017-01-25,17150,17247,16729,16794,285310
2017-01-26,16826,17215,16436,17151,419953
2017-01-31,17117,17247,16858,17086,262626
2017-02-01,17182,17506,17085,17508,363021
2017-02-02,17539,17798,17344,17605,299115
2017-02-03,17701,17734,17085,17410,360592
2017-02-06,17312,17441,17117,17151,194877
2017-02-07,17150,17474,17117,17442,197581
2017-02-08,17344,17344,17150,17248,242499
2017-02-09,17182,17474,17182,17377,240182
2017-02-10,17604,17830,17409,17832,405822
2017-02-13,17830,17928,17539,17799,248072
2017-02-14,17734,18058,17701,18026,297848
2017-02-15,18090,18187,17668,17701,351461
2017-02-16,17668,17701,17117,17215,597523
2017-02-17,17150,17182,16826,17118,611549
2017-02-20,17085,17377,16988,17346,615934
2017-02-21,17344,18123,17247,18058,1443824
2017-02-22,18058,18706,18025,18415,1556792
2017-02-23,18544,18966,18252,18869,920414
2017-02-24,18804,18933,18252,18675,616767
2017-02-27,18673,18868,18285,18447,299510
2017-02-28,18349,18804,18123,18739,571059
2017-03-02,18868,18868,18252,18350,532829
2017-03-03,18058,18090,17247,17475,963489
2017-03-06,17215,17604,16988,17442,713765
2017-03-07,17441,17668,17312,17572,376243
2017-03-08,17474,17474,17085,17377,671408
2017-03-09,17344,18317,17312,18253,1168555
2017-03-10,18252,18544,17896,18026,587569
2017-03-13,18058,18317,17928,18188,306265
2017-03-14,18220,19160,18187,18902,767683
2017-03-15,18835,19030,18414,18934,512674
2017-03-16,19095,19581,19063,19096,710095
2017-03-17,19095,19290,18706,19290,492082
2017-03-20,19290,19419,18868,19226,320070
2017-03-21,19257,20100,19225,20036,1028182
2017-03-22,19841,20100,19484,19517,533265
2017-03-23,19743,20262,19679,19907,765859
2017-03-24,19581,20262,19581,20069,1034563
2017-03-27,19938,20457,19743,20425,707225
2017-03-28,20165,20522,20165,20458,1001175
2017-03-29,20424,21008,20295,20587,943568
2017-03-30,20554,20586,19873,19971,776289
2017-03-31,20035,20554,19938,20458,625966
2017-04-03,20554,20554,19938,20166,630671
2017-04-04,20100,20327,20100,20166,432838
2017-04-05,20165,20262,19841,20069,436059
2017-04-06,20035,20035,19646,19809,425638
2017-04-07,19938,20230,19646,19776,690220
2017-04-10,19776,19841,19063,19355,763370
2017-04-11,19257,19873,19257,19842,522979
2017-04-12,19971,20003,19549,19550,516441
2017-04-13,19743,19938,19646,19907,393846
2017-04-14,19646,19841,19290,19452,409281
2017-04-17,19452,19873,19452,19679,395225
2017-04-18,19841,19873,19128,19485,798592
2017-04-19,19419,19549,19128,19226,510776
2017-04-20,19128,19516,19128,19452,345440
2017-04-21,19549,19971,19387,19939,635051
2017-04-24,19971,20100,19808,20004,509239
2017-04-25,20067,20133,19743,20101,440791
2017-04-26,20198,20230,19905,20069,429616
2017-04-27,20165,20327,19971,20295,543329
2017-04-28,20133,20230,19776,19874,477321
2017-05-02,19905,20133,19808,20004,308134
2017-05-04,20133,21365,20133,21268,1689919
2017-05-08,21397,21397,20846,21106,769791
2017-05-10,20943,21235,20619,20684,897160
2017-05-11,20879,21041,20262,20490,1013519
2017-05-12,20716,21138,20586,20912,788731
2017-05-15,20846,21203,20748,20879,490314
2017-05-16,20846,21072,20522,20912,569346
2017-05-17,21105,21267,20879,21236,621720
2017-05-18,20879,21494,20846,21203,734094
2017-05-19,21429,21818,21300,21592,855733
2017-05-22,21591,21656,21203,21365,595861
2017-05-23,21527,21721,21300,21625,469839
2017-05-24,21721,22532,21656,22338,1038894
2017-05-25,22564,22953,22240,22857,804529
2017-05-26,23147,23504,22823,23019,1025325
2017-05-29,23018,23018,22499,22727,765498
2017-05-30,22759,23050,22694,22857,400282
2017-05-31,22921,23147,22629,23019,604928
2017-06-01,23116,23116,22402,22759,587706
2017-06-02,22921,23569,22823,23570,923363
2017-06-05,23699,23893,23309,23408,513173
2017-06-07,23342,24315,23342,24251,1025720
2017-06-08,24639,24639,23958,24316,944326
2017-06-09,24347,24963,24347,24607,630793
2017-06-12,24574,24574,23991,24121,532959
2017-06-13,23991,24574,23958,24186,661554
2017-06-14,24315,24445,23958,24445,745297
2017-06-15,24541,24574,24055,24121,399967
2017-06-16,24120,24153,23699,23895,512828
2017-06-19,23861,25125,23828,25126,1032867
2017-06-20,25417,25449,24477,24607,771189
2017-06-21,24834,24931,24315,24640,731786
2017-06-22,24834,25255,24574,24964,742648
2017-06-23,25028,25417,24866,24964,459292
2017-06-26,25384,25384,24412,24575,531947
2017-06-27,24445,24931,24445,24802,375782
2017-06-28,24736,24898,24477,24640,384878
2017-06-29,24672,25158,24672,25094,511785
2017-06-30,25060,25222,24834,25094,413404
2017-07-03,25125,25320,24055,24316,791253
2017-07-04,24347,24412,23278,23440,1522573
2017-07-05,23440,23861,23180,23862,827345
2017-07-06,24185,24185,23666,23797,623275
2017-07-07,23440,23893,22856,23278,1074694
2017-07-10,23440,23926,23375,23732,503379
2017-07-11,23666,23991,23375,23959,495604
2017-07-12,23991,24055,23407,23538,402467
2017-07-13,23634,23893,23472,23635,443394
2017-07-14,23634,23666,22726,22987,675640
2017-07-17,22985,23764,22953,23667,458400
2017-07-18,23796,24055,23764,23862,316032
2017-07-19,23991,24315,23861,24251,369961
2017-07-20,24315,24445,24055,24219,570864
2017-07-21,24185,24282,23731,23991,370531
2017-07-24,23991,24217,23893,24186,299501
2017-07-25,24217,24250,23342,23473,483361
2017-07-26,23602,23666,22402,22500,860548
2017-07-27,22597,23407,22532,23343,539296
2017-07-28,23342,23634,22726,23343,540311
2017-07-31,23212,23440,22985,23083,309618
2017-08-01,22921,23699,22888,23440,381148
2017-08-02,23602,24282,23569,24154,687328
2017-08-03,24153,24379,23116,23311,516888
2017-08-04,23342,23634,23309,23408,299658
2017-08-07,23278,23440,22953,23181,268143
2017-08-08,23147,24055,23147,23862,548699
2017-08-09,23796,24120,23731,23764,420642
2017-08-10,23634,23991,23245,23732,481343
2017-08-11,23309,23342,22370,22954,960817
2017-08-14,22921,23180,22694,23116,293985
2017-08-16,23212,23407,23018,23116,350260
2017-08-17,23116,23212,22921,22954,274606
2017-08-18,22629,22726,22013,22144,1057214
2017-08-21,21980,22013,20879,21398,1350222
2017-08-22,21462,21721,21105,21268,531207
2017-08-23,21397,21429,20910,21171,585893
2017-08-24,21332,21948,21300,21689,722723
2017-08-25,21786,21786,21429,21495,434318
2017-08-28,21624,21754,21267,21430,296394
2017-08-29,21300,21494,20943,21171,504863
2017-08-30,21267,21559,21235,21495,348973
2017-08-31,21527,21754,21365,21527,528637
2017-09-01,21494,21786,21365,21430,413851
2017-09-04,20586,21137,20586,20717,640338
2017-09-05,20781,20910,20586,20846,370852
2017-09-06,20879,20910,20554,20652,382256
2017-09-07,20716,20879,20554,20587,460676
2017-09-08,20619,20716,20262,20587,375230
2017-09-11,20813,21462,20684,21236,568569
2017-09-12,21365,21365,20975,21301,355770
2017-09-13,21267,21300,20813,21268,415686
2017-09-14,21105,21429,20975,21333,441578
2017-09-15,21072,21170,20879,21041,391987
2017-09-18,20975,21300,20910,21041,314149
2017-09-19,20975,21656,20879,21658,542586
2017-09-20,21754,21851,21267,21333,366662
2017-09-21,21105,21267,20619,20620,358325
2017-09-22,20424,20651,20295,20425,351923
2017-09-25,20424,20586,19808,20036,331815
2017-09-26,20035,20035,19581,19809,507659
2017-09-27,19938,20003,19646,19745,263177
2017-09-28,19743,19743,19192,19323,662653
2017-09-29,19354,19971,19322,19971,481661
2017-10-10,20100,20165,19549,19583,529393
2017-10-11,19516,19581,19225,19290,532582
2017-10-12,19257,19614,19257,19388,526294
2017-10-13,19387,19711,19322,19517,440720
2017-10-16,19711,19743,19484,19647,452201
2017-10-17,19322,19452,19192,19290,549660
2017-10-18,19387,19387,18900,19064,496474
2017-10-19,19095,20198,19095,20133,806595
2017-10-20,20067,20327,19905,20198,390011
2017-10-23,20198,20230,19516,19614,480035
2017-10-24,19484,19679,19419,19583,369091
2017-10-25,19581,19776,19419,19776,330892
2017-10-26,19743,21072,19549,20944,1358053
2017-10-27,21008,21559,20586,20652,926863
2017-10-30,20813,21138,20262,20360,498952
2017-10-31,20586,20879,20392,20522,619690
2017-11-01,20295,20554,20003,20069,574974
2017-11-02,20230,20424,19971,20101,515825
2017-11-03,20100,20327,20003,20166,391876
2017-11-06,20262,20781,20262,20684,670075
2017-11-07,20522,20554,20067,20295,652685
2017-11-08,20230,20360,19679,19842,849680
2017-11-09,19938,20003,19679,19712,512534
2017-11-10,19711,20035,19679,19776,322358
2017-11-13,19841,20035,19776,19842,400004
2017-11-14,19938,19971,19549,19907,502911
2017-11-15,19743,19808,19452,19452,800541
2017-11-16,19484,20360,19354,20133,885967
2017-11-17,20392,21559,20327,21236,2631860
2017-11-20,21494,21818,21300,21365,1103011
2017-11-21,21365,21365,20748,20846,678900
2017-11-22,21105,21332,20684,20879,537150
2017-11-23,21105,21494,20975,21139,570182
2017-11-24,21332,21559,20943,21074,530941
2017-11-27,21138,21267,20619,20652,472095
2017-11-28,20781,21072,20457,20490,708754
2017-11-29,20651,20910,20133,20295,850385
2017-11-30,20619,20781,20327,20328,682573
2017-12-01,20457,20489,19808,19939,659760
2017-12-04,19938,20198,19841,20133,417971
2017-12-05,20198,21008,20100,20782,789985
2017-12-06,20684,21300,20554,20587,1028565
2017-12-07,20910,21203,20522,20620,909709
2017-12-08,20651,20684,20035,20458,760954
2017-12-11,20522,20651,20198,20425,527607
2017-12-12,20360,20489,20035,20101,592898
2017-12-13,20295,21527,20262,21463,1669018
2017-12-14,21462,22240,21332,21754,2075397
2017-12-15,21948,22175,21591,21982,636315
2017-12-18,22175,22175,21754,21851,462594
2017-12-19,21980,22370,21916,22273,698514
2017-12-20,22304,22304,21786,21949,364621
2017-12-21,21948,21948,21300,21301,691072
2017-12-22,21332,21591,21170,21495,353054
2017-12-26,21462,21851,21332,21722,517429
2017-12-27,21591,21883,21397,21689,394608
2017-12-28,21721,22078,21559,21949,405858
2018-01-02,22110,23407,22110,23278,1360084
2018-01-03,23309,23440,23050,23181,497403
2018-01-04,23018,23309,22629,22630,571308
2018-01-05,22856,22856,22337,22630,489822
2018-01-08,22759,23440,22759,23408,841491
2018-01-09,23342,23893,23116,23538,583993
2018-01-10,23342,23440,23083,23181,590370
2018-01-11,23147,23504,22985,23311,769974
2018-01-12,23309,23991,23278,23829,695593
2018-01-15,23828,24541,23666,24381,939552
2018-01-16,24541,24736,24120,24219,519667
2018-01-17,24250,24347,23699,24283,533348
2018-01-18,24412,24445,23504,23764,701894
2018-01-19,23796,24315,23699,23991,481361
2018-01-22,24055,24153,23212,23570,592419
2018-01-23,23537,23958,23504,23602,451533
2018-01-24,23602,24639,23472,24543,899844
2018-01-25,24672,24801,24347,24640,647240
2018-01-26,24574,25093,24510,24996,642255
2018-01-29,25190,25612,24801,24867,769458
2018-01-30,24898,25158,24379,24510,563361
2018-01-31,24282,24996,24185,24996,524647
2018-02-01,24931,25158,24541,24867,401909
2018-02-02,24639,24866,24120,24283,580167
2018-02-05,23828,23861,23083,23376,865010
2018-02-06,22435,23309,22175,23149,1057475
2018-02-07,23666,23828,22759,22857,687366
2018-02-08,23018,23440,22856,23019,661918
2018-02-09,22337,23440,22304,23343,593051
2018-02-12,23537,23764,23278,23473,518581
2018-02-13,23602,23699,22953,22954,462148
2018-02-14,23083,23375,22661,22954,360404
2018-02-19,23278,23634,23212,23602,378645
2018-02-20,23634,23634,22921,22954,342697
2018-02-21,22921,23309,22791,22921,237279
2018-02-22,22726,22985,22564,22695,260174
2018-02-23,22823,22953,22402,22792,321125
2018-02-26,22888,23050,21786,21982,932870
2018-02-27,21980,22240,21818,21982,527398
2018-02-28,21818,21883,21170,21171,830726
2018-03-02,20879,21462,20781,21106,458824
2018-03-05,20846,21267,20716,20846,325177
2018-03-06,21008,21138,20813,21009,320088
2018-03-07,21300,21397,20684,21041,627860
2018-03-08,21300,21429,21105,21203,397505
2018-03-09,21527,22078,21203,21982,769329
2018-03-12,22045,22078,21559,21949,555576
2018-03-13,21883,21948,21462,21560,410440
2018-03-14,21397,21721,21203,21625,399838
2018-03-15,21527,21591,21203,21495,237229
2018-03-16,21397,21559,21267,21365,368623
2018-03-19,21203,21462,21105,21236,338122
2018-03-20,21105,21365,20975,21333,393986
2018-03-21,21365,21429,21072,21074,372503
2018-03-22,21138,21494,20879,20977,534042
2018-03-23,20651,20748,19905,19971,1026973
2018-03-26,19743,20230,19516,20231,572109
2018-03-27,20392,20716,20230,20652,368311
2018-03-28,20489,20651,20230,20295,349321
2018-03-29,20295,21300,20295,21203,762724
2018-03-30,21494,22110,21494,21916,969179
2018-04-02,22208,22694,22045,22273,800773
2018-04-03,22208,23309,22142,23311,1488174
2018-04-04,23278,23407,22888,22954,664578
2018-04-05,23278,23537,22953,23051,519845
2018-04-06,22985,23440,22759,23051,420441
2018-04-09,22791,23245,22629,22987,475510
2018-04-10,22888,23342,22629,23311,602388
2018-04-11,23245,23407,22985,23278,351539
2018-04-12,23116,23180,21624,21754,1340498
2018-04-13,21818,22175,21689,22014,689072
2018-04-16,21754,21786,21138,21463,1600474
2018-04-17,21591,21980,21494,21851,838114
2018-04-18,21851,22435,21851,22306,711301
2018-04-19,22045,22078,21397,21658,1002289
2018-04-20,21462,21786,21203,21625,425452
2018-04-23,21721,22273,21267,22208,971761
2018-04-24,22142,22370,21818,22208,692289
2018-04-25,22078,22564,21916,22338,728031
2018-04-26,22337,22499,21591,21884,772345
2018-04-27,21883,22273,21818,21982,556401
2018-04-30,21916,22304,21786,22144,535569
2018-05-02,22208,22273,21786,22014,429287
2018-05-03,22045,22078,21656,21689,356347
2018-05-04,21689,22532,21559,22144,789532
2018-05-08,22370,22402,21527,21625,754231
2018-05-09,21527,21948,20879,21689,850912
2018-05-10,21559,21689,21300,21365,782726
2018-05-11,21494,22304,21462,22111,703071
2018-05-14,22175,22597,22142,22370,481184
2018-05-15,22370,22435,21980,22144,326214
2018-05-16,21980,22045,21559,21851,539136
2018-05-17,21786,21786,21041,21236,893468
2018-05-18,21105,21332,20813,20977,603390
2018-05-21,20910,21008,20619,20912,315270
2018-05-23,20748,20975,20489,20555,657651
2018-05-24,20554,20879,20489,20814,265830
2018-05-25,20619,20879,20554,20620,266648
2018-05-28,20879,21527,20813,21365,804208
2018-05-29,21559,21559,21072,21236,363557
2018-05-30,21105,21267,20619,20750,490347
2018-05-31,20975,21008,20522,20717,488654
2018-06-01,20651,21072,20586,20750,429001
2018-06-04,20879,21105,20716,20912,310465
2018-06-05,21008,21008,20619,20782,345561
2018-06-07,20846,21008,20651,20684,483771
2018-06-08,20684,20846,20554,20587,384245
2018-06-11,20716,21203,20586,21106,660649
2018-06-12,21235,21851,21041,21592,904888
2018-06-14,21494,21818,21170,21398,750321
2018-06-15,21332,21429,20554,20750,856523
2018-06-18,20554,20716,19646,19874,953419
2018-06-19,19646,19776,18966,19096,934672
2018-06-20,19030,19387,18900,19290,478831
2018-06-21,19160,19257,18155,18220,1069115
2018-06-22,18220,18609,17993,18253,482579
2018-06-25,18252,18544,18220,18513,373695
2018-06-26,18349,18642,18285,18577,332776
2018-06-27,18382,18447,17993,18188,602837
2018-06-28,17960,18025,17441,17539,880573
2018-06-29,17701,18349,17636,18318,568197
2018-07-02,18285,18317,17247,17572,740922
2018-07-03,17701,17960,17506,17767,432265
2018-07-04,17604,18058,17604,17799,258042
2018-07-05,17830,18155,17571,17994,379808
2018-07-06,18155,18317,17960,18123,291143
2018-07-09,18285,18317,17863,18058,352082
2018-07-10,18123,18673,18090,18513,530524
2018-07-11,18544,18900,18511,18707,584296
2018-07-12,18738,18771,18187,18188,473889
2018-07-13,18479,18966,18252,18869,518543
2018-07-16,18868,19095,18576,18739,419545
2018-07-17,18868,19290,18738,18869,675028
2018-07-18,18868,18997,18447,18545,331729
2018-07-19,18576,18771,18058,18188,400184
2018-07-20,18155,18187,17668,18123,473050
2018-07-23,17928,18382,17928,18058,357073
2018-07-24,18123,18285,17571,17832,458463
2018-07-25,17896,18673,17896,18156,388223
2018-07-26,18414,18479,18220,18415,304684
2018-07-27,18544,18544,18155,18350,212009
2018-07-30,18317,18447,18123,18285,176935
2018-07-31,18447,18933,18285,18934,538227
2018-08-01,19128,19322,18997,19193,514859
2018-08-02,19095,19322,18609,18739,379079
2018-08-03,18835,18868,18609,18837,330184
2018-08-06,18673,18933,18511,18642,244758
2018-08-07,18544,18835,18544,18739,173498
2018-08-08,18673,18673,18447,18480,197745
2018-08-09,18479,18835,18414,18837,362312
2018-08-10,18706,18835,18479,18577,210346
2018-08-13,18479,18642,17960,18058,310365
2018-08-14,17993,17993,17604,17864,385303
2018-08-16,17701,17734,17279,17572,477051
2018-08-17,17636,18252,17604,17994,487140
2018-08-20,18025,18155,17506,17701,346023
2018-08-21,17701,17798,17441,17734,458651
2018-08-22,17863,18090,17668,18058,482591
2018-08-23,18058,18123,17928,18058,199749
2018-08-24,17928,18220,17863,18091,207558
2018-08-27,18090,18220,18058,18188,300668
2018-08-28,18349,18706,18220,18545,485438
2018-08-29,18576,18706,18187,18350,256022
2018-08-30,18349,18349,17960,18091,422197
2018-08-31,17960,18220,17960,18188,249660
2018-09-03,18220,18382,18155,18253,260705
2018-09-04,18220,18285,17863,17994,506408
2018-09-05,17928,18187,17896,17961,387234
2018-09-06,17896,18090,17734,17799,417494
2018-09-07,17798,17993,17798,17961,327951
2018-09-10,17830,17993,17604,17799,308976
2018-09-11,17701,17896,17604,17734,250516
2018-09-12,17798,18058,17734,18058,417388
2018-09-13,17863,18835,17863,18739,1016407
2018-09-14,18900,19192,18738,18966,763266
2018-09-17,18900,18997,18673,18707,281178
2018-09-18,18609,18868,18576,18739,374874
2018-09-19,18738,18804,18285,18318,292007
2018-09-20,18414,18804,18252,18447,454036
2018-09-21,18738,18771,18447,18545,293021
2018-09-27,18544,18576,18090,18220,585833
2018-09-28,18187,18317,17928,18220,386515
2018-10-01,18155,18285,17993,18220,397553
2018-10-02,18058,18220,17636,17670,775729
2018-10-04,17701,17863,17506,17637,527380
2018-10-05,17506,18025,17409,17961,410496
2018-10-08,17830,18187,17798,17896,242732
2018-10-10,17734,17993,17604,17605,368832
2018-10-11,17215,17279,16501,16502,881536
2018-10-12,16242,16922,16242,16697,365284
2018-10-15,16760,16793,16534,16567,159444
2018-10-16,16469,16793,16469,16664,237524
2018-10-17,16922,16988,16663,16827,257763
2018-10-18,16858,17441,16631,17346,347686
2018-10-19,17182,17604,16955,17508,268253
2018-10-22,17279,17539,17215,17475,163730
2018-10-23,17409,17571,16922,17053,244747
2018-10-24,17344,17798,17312,17670,578288
2018-10-25,17247,17668,17053,17670,392781
2018-10-26,17539,17604,16891,17086,360866
2018-10-29,17085,17247,16436,16664,370975
2018-10-30,16339,16988,16339,16729,285995
2018-10-31,16760,17798,16729,17799,641164
2018-11-01,17734,18349,17604,18188,798966
2018-11-02,18511,19225,18511,19031,1462021
2018-11-05,18804,19160,18576,18804,491206
2018-11-06,18771,19257,18771,19031,385367
2018-11-07,19063,19808,19063,19583,1041203
2018-11-08,19776,19971,19192,19452,589053
2018-11-09,19290,19516,19030,19452,417893
2018-11-12,19290,19516,19030,19096,283441
2018-11-13,18868,19322,18479,19258,502663
2018-11-14,20489,21072,20230,21074,2705130
2018-11-15,20975,21203,20651,21106,672163
2018-11-16,21397,21916,21138,21658,1551405
2018-11-19,21851,21851,20748,21139,1191817
2018-11-20,20879,21689,20879,21333,774105
2018-11-21,21591,21689,21203,21689,791760
2018-11-22,21689,21689,20910,21074,723209
2018-11-23,21072,21235,20651,21106,503042
2018-11-26,21397,21591,20910,21236,715237
2018-11-27,21332,21397,20975,21171,439785
2018-11-28,21203,21300,20748,21009,598271
2018-11-29,21267,21656,20943,21658,854630
2018-11-30,21559,21559,20554,20684,890923
2018-12-03,20879,21105,20295,20555,953321
2018-12-04,20554,20619,20198,20263,384766
2018-12-05,20003,20586,19971,20490,457904
2018-12-06,20522,20586,19938,20101,341535
2018-12-07,20327,21170,20295,20555,663241
2018-12-10,20230,20230,19905,20166,421952
2018-12-11,20327,20684,19971,20555,411570
2018-12-12,20554,20554,20133,20295,381295
2018-12-13,20489,20943,20424,20750,721126
2018-12-14,20846,21397,20813,21171,778050
2018-12-17,21300,21527,21008,21268,461842
2018-12-18,21267,21527,21267,21430,422423
2018-12-19,21883,22240,21689,21949,1084167
2018-12-20,21818,22208,21267,22046,784507
2018-12-21,22240,22304,21527,22046,498107
2018-12-24,21980,22045,21397,21658,343639
2018-12-26,21397,21721,20910,21365,464547
2018-12-27,21138,21689,20975,21689,429914
2018-12-28,21656,21656,21105,21430,312363
2019-01-02,21365,21365,20781,21009,349580
2019-01-03,21203,21365,20522,20620,464995
2019-01-04,20522,21041,20295,20977,424001
2019-01-07,21138,21721,20943,21722,619120
2019-01-08,21754,22078,21332,21982,515749
2019-01-09,22045,22142,21883,22046,574199
2019-01-10,21948,22013,21494,21787,320843
2019-01-11,21883,21948,21332,21527,397027
2019-01-14,21429,22110,21429,21982,375803
2019-01-15,22045,22240,21916,22176,532772
2019-01-16,22208,22888,22110,22824,997933
2019-01-17,22694,23731,22694,23667,1258820
2019-01-18,23666,23731,23245,23700,499813
2019-01-21,23764,23764,23407,23602,375392
2019-01-22,23602,23731,23050,23343,541529
2019-01-23,23309,24120,23245,23635,733917
2019-01-24,23342,23893,23116,23570,474693
2019-01-25,23245,23537,22499,22565,1033315
2019-01-28,22629,22823,22597,22792,363344
2019-01-29,22953,23180,22856,22889,435575
2019-01-30,22953,23958,22791,23959,1081739
2019-01-31,23991,24217,23407,23602,551554
2019-02-01,23407,23602,22921,23181,441591
2019-02-07,23602,23602,22953,23116,270424
2019-02-08,23309,23342,22759,23019,237191
2019-02-11,23245,23278,22467,22921,388682
2019-02-12,22953,23375,22921,23051,313701
2019-02-13,23180,23764,23083,23181,578689
2019-02-14,23958,23958,23245,23926,626980
2019-02-15,23731,23796,23375,23473,235717
2019-02-18,23375,23602,22661,22857,502728
2019-02-19,22856,22985,22597,22727,236891
2019-02-20,22856,23731,22791,23343,648230
2019-02-21,23504,23634,23147,23408,310991
2019-02-22,23407,23666,23180,23602,317478
2019-02-25,23796,23796,23440,23700,770296
2019-02-26,23666,23991,23634,23829,416687
2019-02-27,23926,24088,23828,23959,275927
2019-02-28,23893,24510,23602,23862,698293
2019-03-04,23861,24379,23666,23700,478922
2019-03-05,23504,23796,22985,23181,336820
2019-03-06,23147,23407,22823,23214,318719
2019-03-07,23147,23309,22823,22954,332526
2019-03-08,22759,22823,22240,22500,440046
2019-03-11,22564,22564,21721,22014,564621
2019-03-12,22175,22175,21656,21884,454375
2019-03-13,21754,21754,20813,21333,1044016
2019-03-14,21494,21656,21072,21365,614522
2019-03-15,21462,21980,21332,21754,682662
2019-03-18,21916,22370,21624,22273,493461
2019-03-19,22240,22240,21624,21689,378669
2019-03-20,21721,21786,21332,21689,251532
2019-03-21,21462,21689,20943,21041,691045
2019-03-22,21072,21267,20846,21139,385316
2019-03-25,20813,20910,20489,20750,420483
2019-03-26,20684,21332,20360,21009,537159
2019-03-27,21332,22175,20846,21527,1881291
2019-03-28,21527,21591,20360,20393,1008170
2019-03-29,20424,20748,20392,20652,511849
2019-04-01,20748,21138,20586,21106,331731
2019-04-02,21072,21105,20651,20717,544036
2019-04-03,20651,20813,20489,20814,429447
2019-04-04,20813,20846,20651,20717,286454
2019-04-05,20651,20781,20619,20684,214665
2019-04-08,22045,22370,20943,21074,2712112
2019-04-09,21235,21624,20684,20782,1270717
2019-04-10,20716,21591,20424,21365,1197344
2019-04-11,21365,21948,21300,21463,866863
2019-04-12,21591,23440,21170,23083,2617556
2019-04-15,24574,27006,24217,24478,6712935
2019-04-16,23699,24607,23083,23246,2834762
2019-04-17,23375,23666,22564,23278,1599868
2019-04-18,23147,23796,22888,23019,1115746
2019-04-19,23018,23375,22694,22824,609380
2019-04-22,22823,23018,22597,22792,478007
2019-04-23,22694,22759,21721,22468,1217160
2019-04-24,22370,22597,21818,22565,891892
2019-04-25,23018,23212,21818,21884,932783
2019-04-26,21656,21818,21397,21592,710910
2019-04-29,21591,21786,21203,21495,507368
2019-04-30,21397,22013,21397,21495,629178
2019-05-02,21332,21689,21138,21495,428728
2019-05-03,21494,22013,21332,21851,521965
2019-05-07,21527,21948,21203,21754,449674
2019-05-08,21462,21689,21365,21365,367619
2019-05-09,21624,22240,21137,21139,1039642
2019-05-10,21170,21300,20586,20846,843883
2019-05-13,20651,21267,20489,21041,461467
2019-05-14,20619,21948,20619,21495,868688
2019-05-15,21851,22045,21300,21658,512029
2019-05-16,21656,21818,21267,21268,331876
2019-05-17,21072,21365,20651,20782,600899
2019-05-20,20586,20879,20327,20684,364581
2019-05-21,20586,20684,20262,20425,500619
2019-05-22,20424,20522,19873,19907,611203
2019-05-23,19776,19971,19679,19907,427183
2019-05-24,19938,20781,19938,20652,615456
2019-05-27,20522,20813,20295,20620,228357
2019-05-28,20619,20975,20619,20717,323570
2019-05-29,20943,21072,20262,20555,315399
2019-05-30,20651,20651,20165,20458,315029
2019-05-31,20457,20846,20392,20458,332565
2019-06-03,20522,20651,20295,20555,323999
2019-06-04,20554,20910,20554,20717,246558
2019-06-05,21041,21105,20781,20814,334286
2019-06-07,20619,21332,20392,21074,482968
2019-06-10,21138,21365,20813,21074,252102
2019-06-11,20943,21105,20846,21041,269732
2019-06-12,21041,21105,20716,20846,434957
2019-06-13,20910,21041,20651,20814,318201
2019-06-14,20716,21041,20554,21009,631831
2019-06-17,21008,21041,20262,20425,457975
2019-06-18,20424,20522,20230,20328,413558
2019-06-19,20360,20457,20165,20360,398777
2019-06-20,20360,20424,20198,20295,348121
2019-06-21,20295,20295,19516,19776,1434880
2019-06-24,19776,19841,19257,19647,716146
2019-06-25,19516,19679,19192,19388,977057
2019-06-26,19225,19354,18966,19128,425932
2019-06-27,19063,19160,18966,19064,534470
2019-06-28,18997,19128,18673,18772,621975
2019-07-01,18804,18966,18673,18804,408408
2019-07-02,18868,19095,18738,18999,313513
2019-07-03,19128,19160,18771,18804,261270
2019-07-04,18738,18868,18447,18675,333717
2019-07-05,18642,18804,18576,18739,218637
2019-07-08,18511,19128,18025,18707,711577
2019-07-09,18414,18642,18252,18513,393268
2019-07-10,18252,18511,18058,18415,621839
2019-07-11,18252,18609,18252,18447,329417
2019-07-12,18479,18738,18414,18545,269344
2019-07-15,18544,18642,18187,18383,269482
2019-07-16,18382,18673,18285,18642,226595
2019-07-17,18576,18706,18349,18513,170929
2019-07-18,18317,18544,18090,18220,314290
2019-07-19,18349,18511,18220,18513,191047
2019-07-22,18252,18382,18187,18253,261087
2019-07-23,18187,18349,18155,18253,295853
2019-07-24,18252,18414,18123,18253,233786
2019-07-25,18155,18187,17701,17767,503812
2019-07-26,17571,17830,17215,17410,581319
2019-07-29,17247,17474,16534,16891,787072
2019-07-30,16793,17053,16534,16891,440191
2019-07-31,16826,16891,15821,16567,1632181
2019-08-01,16663,16663,16274,16632,392088
2019-08-02,16534,16729,16242,16697,424221
2019-08-05,16501,16567,15755,16016,641816
2019-08-06,15366,16177,14718,15627,1497259
2019-08-07,15302,15691,14978,15011,823510
2019-08-08,15107,15593,15010,15302,703551
2019-08-09,15593,15691,15399,15530,498336
2019-08-12,15399,15561,15140,15335,311614
2019-08-13,15172,15302,14978,15043,380316
2019-08-14,15107,15204,14816,14849,507272
2019-08-16,14426,14945,14070,14816,702052
2019-08-19,14751,14945,14621,14816,374622
2019-08-20,14751,15107,14718,14946,421567
2019-08-21,14945,15204,14880,15076,292810
2019-08-22,15107,15107,14913,14946,297816
2019-08-23,14848,14945,14621,14816,223561
2019-08-26,14621,14621,14297,14330,383963
2019-08-27,14394,14556,14199,14201,579159
2019-08-28,14070,14330,14070,14265,373037
2019-08-29,14361,14426,14102,14135,423985
2019-08-30,14264,14492,14135,14395,614120
2019-09-02,14361,14556,14361,14460,381262
2019-09-03,14459,14589,14361,14395,329510
2019-09-04,14264,14523,14264,14492,264863
2019-09-05,14492,14783,14459,14590,602367
2019-09-06,14848,14848,14523,14687,435670
2019-09-09,14621,14751,14589,14622,251395
2019-09-10,14621,14978,14556,14849,528526
2019-09-11,14913,15593,14880,15497,1362509
2019-09-16,15237,15723,14945,15627,812563
2019-09-17,15431,15626,15269,15530,417841
2019-09-18,15691,15821,15497,15757,452654
2019-09-19,15626,15950,15431,15497,476193
2019-09-20,15431,15464,15237,15400,485236
2019-09-23,15399,15399,15172,15271,330225
2019-09-24,15269,15497,15269,15497,299305
2019-09-25,15431,15497,15042,15076,406820
2019-09-26,15302,15399,14492,14849,557496
2019-09-27,14913,15042,14685,14946,322423
2019-09-30,14816,15010,14783,14849,260724
2019-10-01,14783,15269,14751,15205,365477
2019-10-02,15107,15204,14848,14881,348555
2019-10-04,14848,14978,14718,14784,267479
2019-10-07,14816,14913,14589,14849,360259
2019-10-08,14783,15172,14751,15140,325526
2019-10-10,15042,15107,14751,14881,389810
2019-10-11,14913,15204,14913,15043,241160
2019-10-14,15172,15950,15140,15886,1109046
2019-10-15,15983,16015,15691,15789,417362
2019-10-16,16145,16436,15983,16178,959657
2019-10-17,16177,16501,16112,16470,614129
2019-10-18,16501,16663,16145,16145,528040
2019-10-21,16210,16534,16177,16502,381943
2019-10-22,16534,16729,16274,16567,638716
2019-10-23,16567,16567,15983,15983,514695
2019-10-24,15885,16274,15755,16178,340638
2019-10-25,15983,16145,15885,16016,240766
2019-10-28,16080,16339,16048,16276,304527
2019-10-29,16469,16469,16080,16081,311377
2019-10-30,16210,16210,15788,15854,368161
2019-10-31,15885,16339,15821,16145,417655
2019-11-01,16145,16404,16080,16210,248442
2019-11-04,16210,16858,16210,16794,672569
2019-11-05,16793,17377,16793,17021,832827
2019-11-06,17053,17215,16922,16989,387529
2019-11-07,17020,17604,16955,17475,760127
2019-11-08,17474,17701,17377,17475,369670
2019-11-11,17409,17441,17085,17118,342277
2019-11-12,17117,17247,16826,17151,342884
2019-11-13,16858,17085,16793,16989,508185
2019-11-14,17053,17085,16567,16664,513588
2019-11-15,16696,17604,16696,17508,686734
2019-11-18,17409,17409,16826,17053,444159
2019-11-19,16922,17215,16858,17053,231521
2019-11-20,16891,16955,16404,16438,461304
2019-11-21,16469,16469,15853,16145,506556
2019-11-22,16145,16307,16015,16145,290840
2019-11-25,16404,16631,16145,16534,346558
2019-11-26,16534,16696,16339,16567,416775
2019-11-27,16696,16696,16436,16438,139690
2019-11-28,16307,16567,16210,16470,293642
2019-11-29,16534,16567,15983,16048,456454
2019-12-02,16177,16210,15659,16048,415979
2019-12-03,15853,15918,15626,15854,368018
2019-12-04,15626,15821,15431,15724,365811
2019-12-05,15723,16112,15723,15919,330930
2019-12-06,16015,16891,15950,16794,812762
2019-12-09,16826,17053,16696,16956,457633
2019-12-10,16891,17441,16826,17280,560605
2019-12-11,17182,17441,17117,17280,446755
2019-12-12,17441,17571,17377,17442,687297
2019-12-13,17506,17798,17409,17734,636781
2019-12-16,17636,17993,17506,17832,452958
2019-12-17,17734,18187,17734,18058,604416
2019-12-18,18090,18220,17896,17994,346523
2019-12-19,18187,18187,17798,17994,248090
2019-12-20,17993,18220,17668,18026,370844
2019-12-23,18025,19257,17636,18869,1847155
2019-12-24,18900,19322,17993,18156,1066768
2019-12-26,17896,18285,17896,18091,352610
2019-12-27,17863,18447,17668,18350,470749
2019-12-30,18642,18706,18349,18480,428087
2020-01-02,18479,18511,17993,18058,303459
2020-01-03,18155,18252,17668,17701,572272
2020-01-06,17409,17571,16858,17183,690224
2020-01-07,17182,17604,17117,17410,388103
2020-01-08,17150,17312,16826,17053,676198
2020-01-09,17279,17798,17279,17799,614807
2020-01-10,17734,17896,17539,17701,269328
2020-01-13,17960,18090,17506,17701,366016
2020-01-14,17571,17896,17441,17605,500234
2020-01-15,17539,17701,17377,17572,303515
2020-01-16,17571,17928,17409,17832,348287
2020-01-17,17830,17993,17668,17767,334990
2020-01-20,17734,17993,17377,17410,368095
2020-01-21,17409,17539,16760,16956,590717
2020-01-22,17020,17215,16826,17183,365562
2020-01-23,16988,17053,16210,16470,757735
2020-01-28,15140,15755,14783,15368,1668337
2020-01-29,15464,15755,15302,15464,618201
2020-01-30,15464,15593,15302,15433,445228
2020-01-31,15431,15788,15334,15335,620869
2020-02-03,15659,16015,15010,15659,846169
2020-02-04,15723,17279,15431,16697,1956707
2020-02-05,17053,17053,16372,16859,964355
2020-02-06,16858,17798,16858,17508,1240187
2020-02-07,17604,18025,17247,17442,796200
2020-02-10,17506,17506,16858,17053,754365
2020-02-11,17053,17247,16534,16924,821740
2020-02-12,16826,17215,16696,16924,566748
2020-02-13,16922,17215,16793,16891,744099
2020-02-14,16891,16955,16598,16632,425300
2020-02-17,16567,16631,16274,16405,462173
2020-02-18,16372,16372,15821,15854,891527
2020-02-19,16112,16112,15561,15692,681276
2020-02-20,15853,16015,15334,15335,959631
2020-02-21,15237,15497,15075,15271,727771
2020-02-24,14783,14816,14297,14330,1633736
2020-02-25,14264,14685,14070,14557,1289061
2020-02-26,14199,15788,14070,14881,2915823
2020-02-27,14718,15366,14492,14881,1045609
2020-02-28,14751,14751,14264,14460,1118328
2020-03-02,14264,14654,13940,14460,992603
2020-03-03,14654,15010,14459,14525,1010651
2020-03-04,14459,15788,14330,15562,1459603
2020-03-05,15788,16567,15659,16276,2216940
2020-03-06,15885,15918,15237,15433,1520202
2020-03-09,15366,15788,14589,15173,1172883
2020-03-10,14848,15431,14816,15271,1216109
2020-03-11,15334,15529,14654,14752,1121555
2020-03-12,14685,14685,13940,14071,1355702
2020-03-13,12514,13713,12481,13358,1799050
2020-03-16,13713,14070,12903,13034,1077330
2020-03-17,12124,13616,12124,12839,1306014
2020-03-18,12838,13000,11606,11736,1426430
2020-03-19,11573,11736,8331,8819,5231313
2020-03-20,8817,10601,8299,9889,7782231
2020-03-23,9012,10147,8785,9272,3347088
2020-03-24,9498,9855,9401,9727,2680025
2020-03-25,10698,11736,10698,11250,4564606
2020-03-26,11995,13097,11347,11898,4960871
2020-03-27,12838,13032,11736,12288,2633752
2020-03-30,11671,12255,11379,12126,1470195
2020-03-31,12417,12514,12027,12126,1312182
2020-04-01,11930,14361,11671,12223,5527052
2020-04-02,12124,12741,11606,12320,1945272
2020-04-03,12319,12514,11995,12093,1199424
2020-04-06,12092,12157,11606,12126,2222663
2020-04-07,12610,12708,12222,12417,2383781
2020-04-08,12417,12579,12124,12385,1552064
2020-04-09,12643,13162,12514,12936,2675324
2020-04-10,13129,13422,12967,13196,1814721
2020-04-13,13194,13194,12643,12677,1407900
2020-04-14,12610,12773,12448,12709,1093672
2020-04-16,12708,13065,12352,12709,1268180
2020-04-17,12903,14685,12870,13552,10793150
2020-04-20,13875,14167,12319,12677,6811234
2020-04-21,11800,12773,11509,12417,3995839
2020-04-22,12546,12870,12448,12482,2252530
2020-04-23,12903,13065,12643,12806,1799306
2020-04-24,13032,13129,12676,12839,2424059
2020-04-27,13454,13551,12838,12903,2479832
2020-04-28,12935,12967,12676,12774,1183182
2020-04-29,12903,12935,12805,12839,1195736
2020-05-04,12189,12610,12124,12385,1404498
2020-05-06,12319,12514,11995,12158,1492011
2020-05-07,12157,13032,12124,12417,2448966
2020-05-08,12579,12610,12417,12450,861938
2020-05-11,12448,12448,12157,12223,894652
2020-05-12,11995,12124,11833,11866,1293534
2020-05-13,11800,12027,11509,11801,1111367
2020-05-14,11347,12255,11152,12255,1839940
2020-05-15,12124,12124,11703,11801,1008564
2020-05-18,11736,11800,11444,11704,733920
2020-05-19,13097,13097,12352,12644,4285639
2020-05-20,12319,12870,12222,12709,1486271
2020-05-21,12935,13194,12773,13034,2526004
2020-05-22,13032,13065,12579,12709,1217839
2020-05-25,12805,12805,12384,12547,878850
2020-05-26,12708,13162,12676,13131,2295923
2020-05-27,13843,13875,13324,13584,3409841
2020-05-28,13940,14264,13584,13876,3166883
2020-05-29,13811,13811,13356,13422,1361902
2020-06-01,13422,13648,13260,13520,1139791
2020-06-02,13616,13875,13518,13682,1373059
2020-06-03,13746,14556,13746,14492,3549822
2020-06-04,15107,15626,14264,14849,3648385
2020-06-05,15934,17523,15934,15973,7552462
2020-06-08,16709,16748,16011,16051,2366521
2020-06-09,16438,16515,16089,16361,1770592
2020-06-10,16205,16205,15701,16051,1440026
2020-06-11,16050,16050,15546,15857,2086872
2020-06-12,14848,15469,14810,15353,1765215
2020-06-15,15469,15469,14616,14732,1311311
2020-06-16,14887,15352,14887,15314,870917
2020-06-17,15120,15275,14848,14926,823177
2020-06-18,14926,15197,14732,14965,755779
2020-06-19,15081,15081,14732,15081,856401
2020-06-22,14926,14926,14732,14732,752269
2020-06-23,14810,14810,14344,14345,1343332
2020-06-24,14150,14228,13724,13996,1930870
2020-06-25,13685,13802,13608,13647,1041061
2020-06-26,13724,13879,13685,13841,704995
2020-06-29,13375,13724,13375,13531,797297
2020-06-30,13879,13957,13375,13453,1378688
2020-07-01,13724,13840,13569,13686,623031
2020-07-02,13724,13918,13724,13763,523526
2020-07-03,13957,13995,13685,13802,711322
2020-07-06,13763,13763,13491,13763,818899
2020-07-07,13879,13879,13336,13337,1517326
2020-07-08,13104,13259,12949,13027,1362072
2020-07-09,13026,13297,12949,13298,972190
2020-07-10,13375,13414,12832,12910,1037508
2020-07-13,13181,13181,12949,13065,766407
2020-07-14,13142,13336,13065,13182,767065
2020-07-15,13608,13646,13297,13569,1397443
2020-07-16,14112,14267,13802,14112,2300332
2020-07-17,14073,14112,13763,14035,832890
2020-07-20,14034,14073,13646,13996,897966
2020-07-21,14150,15120,14112,15081,3701663
2020-07-22,15042,15042,14538,14810,1480733
2020-07-23,14810,14887,14267,14422,1328994
2020-07-24,14461,14461,14034,14267,820389
2020-07-27,13065,13802,13065,13647,3293141
2020-07-28,13685,15042,13414,13880,5418736
2020-07-29,13530,13995,13297,13569,4289436
2020-07-30,13569,13685,13414,13492,1859030
2020-07-31,13491,13569,13259,13492,1733960
2020-08-03,13453,13453,13181,13298,1738510
2020-08-04,13259,13491,13220,13453,1176523
2020-08-05,13491,13569,13259,13376,1410989
2020-08-06,13491,14112,13453,14035,5637601
2020-08-07,15895,16244,14616,14810,15844472
2020-08-10,14732,14810,14228,14539,3821098
2020-08-11,15003,15158,14616,14655,3632851
2020-08-12,14926,15585,14771,15159,8913015
2020-08-13,15391,15585,15275,15275,4559089
2020-08-14,15391,15391,14732,15120,2161608
2020-08-18,14616,14693,14034,14151,3203963
2020-08-19,13957,14422,13957,14267,1589697
2020-08-20,14112,14150,13608,13608,2206150
2020-08-21,13608,13995,13608,13880,1068162
2020-08-24,13685,13918,13414,13763,1318134
2020-08-25,14267,14461,14034,14112,1366044
2020-08-26,14228,14267,13802,13957,1362809
2020-08-27,13879,13918,13646,13763,1111225
2020-08-28,13918,14034,13724,13802,1288063
2020-08-31,13840,14034,13685,13686,1401275
2020-09-01,13802,14073,13763,13918,1103462
2020-09-02,13957,14267,13879,14228,1617605
2020-09-03,14499,14577,14267,14345,1841239
2020-09-04,14034,14654,13995,14422,2084703
2020-09-07,14461,14616,14267,14500,1779499
2020-09-08,14499,14577,14344,14539,1345846
2020-09-09,14461,14499,14267,14267,1336197
2020-09-10,14306,14383,14228,14384,1168028
2020-09-11,14228,14306,14034,14190,885572
2020-09-14,14344,14538,14228,14461,1374483
2020-09-15,14616,14926,14499,14849,2734410
2020-09-16,14926,15042,14732,14888,1827006
2020-09-17,14887,15236,14654,14655,1665379
2020-09-18,14654,14693,14461,14577,1085793
2020-09-21,14577,14848,14577,14616,1060962
2020-09-22,14422,14499,14267,14267,1277582
2020-09-23,14422,14616,14267,14384,1071051
2020-09-24,14267,14306,13957,13957,1234760
2020-09-25,14034,14422,14034,14228,895129
2020-09-28,14383,14654,14344,14577,966495
2020-09-29,14848,14848,14577,14616,922389
2020-10-05,14693,15042,14616,14965,1872158
2020-10-06,14965,15507,14965,15353,4122388
2020-10-07,15158,15352,14965,15314,1791908
2020-10-08,15585,15624,15236,15314,2323815
2020-10-12,15430,16205,15430,16012,4863798
2020-10-13,16166,16166,15430,15857,2550228
2020-10-14,15662,16011,15585,15896,1687204
2020-10-15,15895,16205,15856,16051,1736304
2020-10-16,16050,16050,15701,15779,1063705
2020-10-19,15779,16089,15469,15934,1352957
2020-10-20,15701,15895,15546,15857,949896
2020-10-21,16050,16515,15856,16283,2511829
2020-10-22,16322,16438,16050,16283,1326700
2020-10-23,16554,16709,16322,16400,1437052
2020-10-26,16438,16670,16128,16593,1656051
2020-10-27,16360,16438,15934,16089,1602797
2020-10-28,15973,16205,15701,16128,1026033
2020-10-29,15701,15973,15507,15740,1678490
2020-10-30,15856,15895,15430,15469,1250837
2020-11-02,15469,15740,15391,15585,995166
2020-11-03,15624,16050,15624,16012,943182
2020-11-04,16205,16205,15585,15702,1497490
2020-11-05,15740,15934,15701,15896,1169872
2020-11-06,16244,16399,16011,16128,1898477
2020-11-09,16283,17058,16205,16904,5125236
2020-11-10,19423,20896,18609,18803,18803992
2020-11-11,19307,20121,18997,19928,12939812
2020-11-12,19539,19811,18725,19075,7048416
2020-11-13,19384,20315,18570,18571,9890614
2020-11-16,18764,23378,18764,20897,74509096
2020-11-17,21207,22486,18803,19036,29343022
2020-11-18,18609,19462,17911,18532,8205885
2020-11-19,18299,18454,17601,17989,6076332
2020-11-20,17834,18919,17678,18416,5926709
2020-11-23,18299,18919,18027,18765,3593794
2020-11-24,19152,19694,19074,19501,6070113
2020-11-25,19966,20276,19074,19773,5993009
2020-11-26,19617,19694,19229,19617,2180385
2020-11-27,19733,19966,19578,19656,2732438
2020-11-30,19733,20315,19462,19773,4091311
2020-12-01,20121,22021,19694,20432,15560039
2020-12-02,21013,21013,19811,20044,6416804
2020-12-03,20160,20470,19772,20199,3295918
2020-12-04,20198,20664,20198,20277,2859631
2020-12-07,20237,20237,19539,20005,2345738
2020-12-08,20005,21013,19811,20703,5394196
2020-12-09,21090,21633,20547,21517,7615934
2020-12-10,21633,21982,21245,21944,7095907
2020-12-11,22098,22719,21788,22021,5883016
2020-12-14,21788,21827,21090,21246,3658795
2020-12-15,21168,21517,20819,21246,2279806
2020-12-16,21439,21594,21245,21285,1252267
2020-12-17,21207,21245,20625,20936,2124803
2020-12-18,20819,21129,20547,20936,1614162
2020-12-21,20935,20935,20392,20703,1474367
2020-12-22,20431,20470,20160,20160,1823251
2020-12-23,20043,20509,19966,20393,1374971
2020-12-24,20547,21207,20509,20858,2193448
2020-12-28,20547,20625,20160,20432,1828094
2020-12-29,20819,21168,20509,20858,1555962
2020-12-30,20896,21090,20664,21091,1513748
2021-01-04,21284,22021,21013,21440,4355156
2021-01-05,21400,22098,21013,21982,4013283
2021-01-06,21749,22292,21555,21905,4377141
2021-01-07,22021,22176,21711,21866,2909181
2021-01-08,21866,21866,21323,21633,3624498
2021-01-11,21633,24308,21284,22564,18754274
2021-01-12,22680,23223,22137,22835,6659698
2021-01-13,23184,24037,22796,23611,7304343
2021-01-14,23959,25587,23649,25394,11572949
2021-01-15,26053,27448,24541,24929,9721510
2021-01-18,24502,24657,23378,23611,4329133
2021-01-19,23610,24696,23571,24580,3076678
2021-01-20,24890,25045,24153,24851,2921124
2021-01-21,24618,25820,24347,25627,3679028
2021-01-22,25975,27293,25045,27100,11501503
2021-01-25,28200,31800,28100,30350,12392646
2021-01-26,30550,31700,30100,30500,5548593
2021-01-27,30700,31000,29600,30400,2956393
2021-01-28,29500,30200,29400,29650,2247422
2021-01-29,29850,30050,28050,28700,3286551
2021-02-01,28350,29500,27400,29450,2612135
2021-02-02,29700,29900,29100,29650,1581226
2021-02-03,29950,30300,29650,30100,2079003
2021-02-04,30250,30750,30000,30500,2530014
2021-02-05,30500,30550,29550,30000,2312430
2021-02-08,30250,31950,30050,31400,7227875
2021-02-09,31500,31600,30350,30450,3264604
2021-02-10,30550,30650,29950,30500,2032707
2021-02-15,30550,30600,29900,30000,2653699
2021-02-16,29950,30000,29000,29100,5259840
2021-02-17,29050,29100,28200,28550,3080728
2021-02-18,28550,29050,28100,28700,2029506
2021-02-19,28500,28650,28050,28500,1851490
2021-02-22,28650,28800,28150,28200,1960575
2021-02-23,28350,28850,28250,28550,2045518
2021-02-24,28850,29300,28400,28450,2904571
2021-02-25,29000,29100,28550,28850,1595324
2021-02-26,28200,28400,28000,28150,2425167
2021-03-02,28450,28450,27500,27550,2799782
2021-03-03,27550,28150,27000,28000,2165656
2021-03-04,28000,28250,27550,28050,1415562
2021-03-05,27700,27800,27300,27700,1236410
2021-03-08,27750,27800,27000,27050,1623640
2021-03-09,27250,27750,26700,27100,1659144
2021-03-10,27250,27400,27000,27150,799915
2021-03-11,27200,27800,27000,27450,1489367
2021-03-12,27750,27750,27350,27700,755700
2021-03-15,28000,28500,27800,28050,1356172
2021-03-16,28700,28850,28350,28350,1531915
2021-03-17,28600,29400,28400,29050,2378468
2021-03-18,29350,29400,29050,29050,1457639
2021-03-19,28750,29000,28150,29000,1472185
2021-03-22,28050,28600,28000,28200,2817294
2021-03-23,28250,28400,27300,27300,2405924
2021-03-24,25850,27150,25750,26750,6369047
2021-03-25,26550,27300,26300,26800,2590310
2021-03-26,27300,28200,27150,28050,4755324
2021-03-29,28400,28450,27250,27250,3492524
2021-03-30,27350,27550,27250,27350,1449153
2021-03-31,27400,27500,27100,27200,1587846
2021-04-01,27200,27600,27200,27200,1474260
2021-04-02,27300,27450,27150,27250,1759740
2021-04-05,27250,27250,26600,27050,2128787
2021-04-06,27100,27550,27000,27100,1996461
2021-04-07,27150,27500,26900,27200,1767752
2021-04-08,27250,27300,26950,27200,2583974
2021-04-09,27150,27200,26950,27000,1409760
2021-04-12,27000,27000,26700,26800,1474127
2021-04-13,26650,26700,26350,26650,2585131
2021-04-14,26600,26600,26250,26300,2693862
2021-04-15,26300,26900,26050,26450,2539653
2021-04-16,26550,26650,26450,26500,1356172
2021-04-19,26550,26550,26200,26350,1742037
2021-04-20,26300,26950,26200,26850,2421940
2021-04-21,26550,26600,26350,26400,1510191
2021-04-22,26500,26550,26300,26350,1274179
2021-04-23,26250,26300,26050,26200,1248889
2021-04-26,26300,27100,26200,26800,2892019
2021-04-27,26950,27000,26400,26500,1408049
2021-04-28,26500,26900,26250,26650,1983605
2021-04-29,26650,26850,26300,26350,1618634
2021-04-30,26400,27400,26200,26900,4448741
2021-05-03,26900,26900,26000,26400,2480101
2021-05-04,26500,26600,26250,26350,1410952
2021-05-06,26350,27600,26300,27600,5975426
2021-05-07,27700,28300,27550,27900,4839273
2021-05-10,28150,29850,28000,29750,10012006
2021-05-11,29500,30150,29300,30000,6944331
2021-05-12,29800,29900,28700,29400,5597446
2021-05-13,28800,30300,28600,29500,7523214
2021-05-14,30100,30250,29050,29300,3542799
2021-05-17,29950,30800,29450,30500,8708514
2021-05-18,30600,30800,29550,30000,4802020
2021-05-20,29650,30500,29500,29800,3406465
2021-05-21,29900,30150,29450,29550,2373859
2021-05-24,29500,29800,29200,29650,1854842
2021-05-25,30000,31450,29850,31250,9971928
2021-05-26,31350,31750,30800,31500,5080055
2021-05-27,31500,32700,31150,31850,7676413
2021-05-28,31550,32000,31200,31750,3119208
2021-05-31,31800,32500,31550,31950,3489265
2021-06-01,31950,32200,31500,31700,2449861
2021-06-02,31950,34300,31900,33650,11787950
2021-06-03,33750,34050,32850,33500,4808732
2021-06-04,33200,33700,32650,33150,3359676
2021-06-07,33150,33200,31700,32300,5403250
2021-06-08,32550,33250,32000,32700,3710683
2021-06-09,33100,34600,33050,34000,9816280
2021-06-10,34400,35100,33700,33900,6990599
2021-06-11,34050,34700,33850,34500,3322141
2021-06-14,34650,34700,33900,34150,3095574
2021-06-15,34150,34150,33300,33650,3347850
2021-06-16,33500,33950,33300,33700,2029146
2021-06-17,33500,33900,33400,33650,1494600
2021-06-18,33600,33650,33100,33150,2597388
2021-06-21,32500,32650,31700,32000,4749959
2021-06-22,32500,32600,31900,31950,2413280
2021-06-23,31900,32300,30900,31850,4484828
2021-06-24,31300,31850,31100,31650,2421532
2021-06-25,31750,32350,31750,31950,2364462
2021-06-28,31400,31600,31050,31450,2146974
2021-06-29,31500,31750,31200,31500,1502107
2021-06-30,31550,31750,31500,31500,1239009
2021-07-01,31800,32150,31200,31250,1641174
2021-07-02,31300,31600,31300,31350,1022673
2021-07-05,31600,32250,31250,31850,2594913
2021-07-06,32050,32650,32000,32250,1955885
2021-07-07,31800,31800,31300,31500,1885914
2021-07-08,31300,31900,31000,31000,2535059
2021-07-09,30350,30500,29800,30300,4359553
2021-07-12,30350,30950,30100,30500,1768542
2021-07-13,30750,31200,30600,30950,1555649
2021-07-14,30700,30700,30400,30550,1022942
2021-07-15,30700,30850,30400,30800,1005799
2021-07-16,30900,31000,30450,30900,1255195
2021-07-19,30700,30800,30200,30350,1203930
2021-07-20,29700,30200,29600,30000,1796591
2021-07-21,30600,30950,30050,30150,1851507
2021-07-22,30450,30600,30250,30400,1085743
2021-07-23,30350,30500,30000,30300,1179705
2021-07-26,30150,30200,29900,29950,1235451
2021-07-27,30050,30900,30050,30400,1537720
2021-07-28,30250,30400,29950,30150,1241849
2021-07-29,30250,30450,30050,30150,764383
2021-07-30,30100,30150,29900,29900,1332561
2021-08-02,29900,29950,29400,29600,1350184
2021-08-03,29600,29750,29400,29700,1255218
2021-08-04,29750,31300,29750,31200,4561687
2021-08-05,31100,31100,30550,30650,1923011
2021-08-06,31050,31150,30400,30600,1772518
2021-08-09,30450,30700,30150,30200,1384930
2021-08-10,30150,30350,29900,30000,1638296
2021-08-11,30150,30300,29850,30100,1372931
2021-08-12,30050,30450,29900,29900,1818206
2021-08-13,30000,30150,29450,29800,2090932
2021-08-17,29900,29950,28700,28700,3141240
2021-08-18,28700,29400,28500,29200,1473161
2021-08-19,28900,29100,28400,28400,1758907
2021-08-20,28400,28650,27300,27600,2550946
2021-08-23,27600,29000,27550,28700,1899431
2021-08-24,29450,29950,29000,29800,2929756
2021-08-25,30100,30650,29900,30300,2814793
2021-08-26,30250,30500,30000,30350,1681769
2021-08-27,29950,30600,29700,30250,1727180
2021-08-30,30700,31300,30600,31100,3927602
2021-08-31,30800,31300,30500,31300,3513265
2021-09-01,31100,31650,30850,31100,1925268
2021-09-02,31100,31250,30650,30800,1348157
2021-09-03,30900,31500,30800,31200,1718316
2021-09-06,31300,31350,31000,31200,1087906
2021-09-07,31200,31250,30600,30850,1210005
2021-09-08,30600,31250,30600,30700,1514946
2021-09-09,30750,30800,30000,30200,2140402
2021-09-10,30600,31600,30550,31300,4084794
2021-09-13,31050,31600,30650,31200,2217258
2021-09-14,31600,32650,31550,32450,6655900
2021-09-15,32200,32550,31800,32550,2788866
2021-09-16,32850,32900,31950,32100,2090753
2021-09-17,32800,33300,32200,32950,5139632
2021-09-23,33250,34350,32700,34200,8148972
2021-09-24,34450,34500,33850,34250,3886703
2021-09-27,34200,34950,33850,34250,3901857
2021-09-28,34250,34250,33300,33700,3138657
2021-09-29,32850,33650,32800,33500,3540550
2021-09-30,33400,34100,33200,33700,2561605
2021-10-01,33350,33900,33000,33650,2833865
2021-10-05,34250,34550,33350,33500,4685838
2021-10-06,33800,33800,31050,31500,7543647
2021-10-07,31800,31950,31150,31850,2702269
2021-10-08,31900,31900,31000,31300,2511433
2021-10-12,31300,31850,31100,31350,2053486
2021-10-13,31150,31500,30900,31150,2196188
2021-10-14,31050,31050,30150,30800,4037040
2021-10-15,31150,31500,31000,31150,2442381
2021-10-18,31200,31250,30800,30950,1594113
2021-10-19,31100,31300,30600,30750,2078171
2021-10-20,30900,31000,30300,30550,2365364
2021-10-21,30600,30700,30300,30400,1540182
2021-10-22,30450,30700,30250,30450,1142406
2021-10-25,30700,31700,30450,31400,3568020
2021-10-26,31800,31850,31250,31350,1772926
2021-10-27,31050,31100,30700,30800,1741420
2021-10-28,30800,31200,30600,30800,1905201
2021-10-29,30950,31050,30450,30450,1568022
2021-11-01,30550,30800,30450,30450,1054162
2021-11-02,30750,31150,30600,30800,1568722
2021-11-03,30800,30850,30150,30200,1814249
2021-11-04,30500,30700,30250,30300,1255711
2021-11-05,30450,30450,29900,30100,1417837
2021-11-08,30950,31250,30700,31150,3084762
2021-11-09,31150,31150,30600,30850,1474811
2021-11-10,30650,30700,30200,30450,1292035
2021-11-11,30100,31050,30000,30550,2424645
2021-11-12,30650,30800,30500,30550,1482218
2021-11-15,31050,31200,30300,30400,2801729
2021-11-16,30550,31000,30450,30450,1774387
2021-11-17,30450,30450,29850,29850,2419449
2021-11-18,29850,29900,29300,29400,1899679
2021-11-19,29250,29650,29200,29650,1209570
2021-11-22,29450,29450,29050,29350,1720656
2021-11-23,29150,29550,29050,29050,1290481
2021-11-24,29100,29200,28600,28650,1656991
2021-11-25,28650,28650,28050,28150,1864921
2021-11-26,28000,28050,27100,27200,2969702
2021-11-29,25500,27100,25450,26550,4325545
2021-11-30,26700,27500,26200,26500,2807332
2021-12-01,26550,27400,26500,27400,1675317
2021-12-02,26800,28000,26600,27800,2084181
2021-12-03,28800,29000,28150,28500,2224132
2021-12-06,28450,29150,28150,29150,1934608
2021-12-07,29700,29900,29150,29450,1931663
2021-12-08,29850,29850,29000,29100,1742006
2021-12-09,29350,29750,29150,29650,1989060
2021-12-10,29350,29600,29250,29400,751784
2021-12-13,29500,29600,28950,29300,1470192
2021-12-14,28900,29150,28500,29000,1218529
2021-12-15,28900,29300,28850,29100,813436
2021-12-16,29200,29200,28750,29000,831523
2021-12-17,28800,29350,28700,29200,1143242
2021-12-20,29050,29050,28650,28700,800452
2021-12-21,29100,29100,28600,28900,885802
2021-12-22,29300,29600,29100,29200,1132016
2021-12-23,29500,29500,29100,29200,906190
2021-12-24,29450,29450,29150,29200,722944
2021-12-27,28950,29200,28750,28800,1089939
2021-12-28,28850,29050,28750,29000,1115486
2021-12-29,29450,30000,29300,29950,2848477
2021-12-30,29950,30000,29300,29350,1250059
2022-01-03,29500,29650,29100,29500,959973
2022-01-04,29650,29650,28950,29100,1110605
2022-01-05,29100,29200,28700,28900,1692157
2022-01-06,28700,28900,28450,28450,1261156
2022-01-07,28450,28750,28250,28600,1255167
2022-01-10,28600,28700,27900,28100,1469121
2022-01-11,27950,28500,27900,28100,1179548
2022-01-12,28250,28700,28250,28500,1486380
2022-01-13,28500,29300,28450,28800,2027743
2022-01-14,29050,29200,28700,28900,1429793
2022-01-17,28550,28850,28050,28250,1457206
2022-01-18,28350,28450,27850,28050,1032292
2022-01-19,27750,28150,27550,27550,1121109
2022-01-20,27500,27950,27400,27900,640616
2022-01-21,27700,27850,27350,27700,1017420
2022-01-24,27300,27700,26850,26900,1356898
2022-01-25,27000,27050,26100,26250,1587356
2022-01-26,26250,27500,26250,27200,1401695
2022-01-27,27200,27300,26600,26650,1416472
2022-01-28,27100,28400,26800,28300,2512024
2022-02-03,28600,29150,28450,28650,1847553
2022-02-04,28450,29900,28300,29600,3017992
2022-02-07,29550,30050,29150,29800,3528865
2022-02-08,30150,30500,29400,29850,2814350
2022-02-09,30300,30450,29950,30250,2107305
2022-02-10,30350,30500,29900,30250,2000386
2022-02-11,30000,30550,29800,30150,1956133
2022-02-14,29550,30150,29500,29900,2339605
2022-02-15,29900,30000,28800,28950,1871024
2022-02-16,29900,30100,29450,30000,2080159
2022-02-17,30100,30800,29400,30050,3640106
2022-02-18,29600,30200,29400,29900,1421276
2022-02-21,29550,30050,29350,30050,1321667
2022-02-22,29550,30050,29500,29750,1823430
2022-02-23,30000,30100,29350,29600,1411921
2022-02-24,29250,29500,28350,28700,2381286
2022-02-25,29100,29150,28500,28900,1427821
2022-02-28,28850,29350,28700,29300,1296726
2022-03-02,29000,29050,28550,28650,1856974
2022-03-03,28700,29000,28650,28800,1278390
2022-03-04,28900,28950,28500,28550,1308589
2022-03-07,28150,28150,27450,27550,2403297
2022-03-08,26750,27350,26600,27100,1893504
2022-03-10,28000,28400,27850,27900,1966247
2022-03-11,27950,28600,27800,28600,1277165
2022-03-14,28650,28700,28050,28700,1400062
2022-03-15,28650,29800,28450,29250,2621485
2022-03-16,29950,30750,29850,30350,5020585
2022-03-17,30700,30750,30100,30350,2638575
2022-03-18,30150,30500,29900,30450,2029415
2022-03-21,30650,30750,29700,29950,2127220
2022-03-22,29500,30100,29450,29950,1160227
2022-03-23,30250,30300,29800,29850,1254093
2022-03-24,29700,30050,29550,30000,1025551
2022-03-25,30050,30100,29750,29750,852293
2022-03-28,29650,30050,29550,29750,1516938
2022-03-29,30000,30250,29600,29900,1691751
2022-03-30,30100,30400,30050,30150,2065532
2022-03-31,30050,30300,29950,30200,1423513
2022-04-01,30450,31200,30250,31200,6836054
2022-04-04,31900,32400,31650,31950,5382540
2022-04-05,32000,32200,31550,32000,2397595
2022-04-06,31850,32550,31800,32200,3162831
2022-04-07,32200,32350,31550,31800,2795269
2022-04-08,31850,31900,30950,31650,2214115
2022-04-11,31700,31750,30900,31100,1904653
2022-04-12,30900,31450,30850,31150,1845820
2022-04-13,31200,31350,30750,31300,1524278
2022-04-14,31950,32150,31300,31550,3142674
2022-04-15,31250,31950,31150,31450,1695611
2022-04-18,31700,32100,31300,31300,2046864
2022-04-19,31300,31500,31000,31350,1509847
2022-04-20,31700,31800,31400,31450,1558389
2022-04-21,31600,31800,31150,31800,1693652
2022-04-22,31600,31850,31200,31300,1606914
2022-04-25,30700,30700,29900,29950,2555284
2022-04-26,30050,30450,29900,30300,1589925
2022-04-27,29400,29950,29300,29800,1827191
2022-04-28,29900,30050,29600,29950,968088
2022-04-29,30050,30150,29800,30150,1148380
2022-05-02,29900,30100,29700,29950,1037874
2022-05-03,30000,30150,29900,30000,857168
2022-05-04,30100,30150,29650,29850,1283256
2022-05-06,29950,30600,29900,30500,2673261
2022-05-09,30500,30550,29600,29600,1703011
2022-05-10,29000,29550,28550,29350,1729641
2022-05-11,29450,29550,29200,29400,763049
2022-05-12,29100,29200,28450,28450,1803801
2022-05-13,28450,29150,28450,29150,994000
2022-05-16,29300,29450,28900,28900,968942
2022-05-17,29000,29100,28800,28900,678064
2022-05-18,29300,29500,29150,29450,1326406
2022-05-19,28750,29000,28700,28750,1305884
2022-05-20,28900,29000,28750,28800,852985
2022-05-23,28950,28950,28600,28750,1001628
2022-05-24,28850,29150,28550,28650,1024749
2022-05-25,28550,28700,28400,28500,988866
2022-05-26,28550,28800,28450,28600,953524
2022-05-27,28850,29500,28700,29450,1854956
2022-05-30,29600,29850,29300,29400,1240867
2022-05-31,29500,29500,29050,29050,1757408
2022-06-02,29050,29100,28750,28950,831434
2022-06-03,29250,29450,28950,29300,1411747
2022-06-07,29500,29500,28800,28850,1203864
2022-06-08,28850,28950,28500,28650,1150363
2022-06-09,28600,28600,28150,28500,1445646
2022-06-10,28250,28250,27800,27900,1614981
2022-06-13,27250,27400,26900,27000,1942971
2022-06-14,26200,27900,26200,27750,2396434
2022-06-15,27600,27700,26700,26900,1635281
2022-06-16,27400,27500,26650,26700,1264087
2022-06-17,25950,26900,25800,26800,1565393
2022-06-20,27100,27150,25450,25500,2145840
2022-06-21,25400,26150,25400,26050,1365216
2022-06-22,26150,26200,24850,24900,1608258
2022-06-23,24950,25350,24500,24650,1971371
2022-06-24,24650,25250,24500,25000,1220696
2022-06-27,25300,25450,24850,25250,1083463
2022-06-28,25250,25550,25100,25400,956215
2022-06-29,24950,25600,24950,25400,960419
2022-06-30,25300,25600,25100,25200,977737
2022-07-01,25450,25750,25100,25400,1275267
2022-07-04,25300,25550,24700,25100,1056801
2022-07-05,25200,25700,25050,25450,927576
2022-07-06,25800,26250,25550,25700,1726890
2022-07-07,26100,26150,25300,25650,1206489
2022-07-08,25800,25800,25150,25150,1091128
2022-07-11,25050,25100,24100,24150,2521167
2022-07-12,23800,24050,23300,23650,2002666
2022-07-13,24150,24850,24150,24750,2621899
2022-07-14,24550,25050,24300,24850,1574427
2022-07-15,24850,24950,24300,24350,988600
2022-07-18,24400,25350,24400,25200,1354391
2022-07-19,24850,25300,24700,25200,962430
2022-07-20,25650,25700,25400,25500,1078023
2022-07-21,25300,25500,25150,25350,630210
2022-07-22,25350,25500,24950,24950,717097
2022-07-25,25000,25200,24850,25100,422593
2022-07-26,25100,25250,24900,25050,463250
2022-07-27,25000,25200,24800,25200,587232
2022-07-28,25300,25450,24950,24950,665078
2022-07-29,25150,25350,25050,25300,995552
2022-08-01,25350,25350,25050,25100,633618
2022-08-02,25250,25300,24850,25000,833076
2022-08-03,25000,25200,24650,25100,839783
2022-08-04,25300,26650,25300,26400,3926074
2022-08-05,26700,26750,25600,25750,3213921
2022-08-08,25800,26300,25650,25650,1570055
2022-08-09,25850,26000,25650,25900,1154188
2022-08-10,25850,25950,25450,25550,893771
2022-08-11,25900,25950,25750,25950,935164
2022-08-12,26050,26200,25850,26200,1241748
2022-08-16,26450,27050,26250,26600,2192305
2022-08-17,26950,27050,26700,27000,1815545
2022-08-18,26700,26800,26400,26500,1035050
2022-08-19,26500,26600,26150,26200,761352
2022-08-22,25850,25900,25600,25850,762711
2022-08-23,25500,25700,25250,25300,1162778
2022-08-24,25400,26000,25200,25900,1126873
2022-08-25,26250,26450,25900,26200,1014875
2022-08-26,26350,26550,26150,26350,885631
2022-08-29,25500,25850,25500,25550,1118202
2022-08-30,25600,26150,25550,26100,913346
2022-08-31,25950,26850,25850,26850,1993237
2022-09-01,26700,27050,26150,26150,1508726
2022-09-02,26400,26550,25950,26150,969689
2022-09-05,26050,26100,25450,25550,1001293
2022-09-06,25550,25750,25400,25600,675537
2022-09-07,25400,25450,24800,25300,1368855
2022-09-08,25750,25850,25200,25300,968347
2022-09-13,25700,26450,25650,26400,1551934
2022-09-14,25650,26000,25500,26000,1207675
2022-09-15,26000,26100,25600,25650,875836
2022-09-16,25550,25950,25400,25900,1057438
2022-09-19,25800,25850,25000,25050,1068843
2022-09-20,25350,26150,25300,25850,1288798
2022-09-21,25750,26500,25750,25900,1237199
2022-09-22,25500,25850,25150,25550,1232628
2022-09-23,25550,25550,24050,24100,2252706
2022-09-26,23500,23700,22450,22650,2367548
2022-09-27,22600,23150,22100,23150,2168423
2022-09-28,22850,23100,21900,22300,2017579
2022-09-29,22550,22850,22000,22100,1290024
2022-09-30,21800,22350,21750,22100,1179088
2022-10-04,22250,22300,21550,21700,1627706
2022-10-05,22350,22350,21400,21900,1653155
2022-10-06,21900,22200,21750,21950,924850
2022-10-07,21800,22500,21750,22450,1207624
2022-10-11,22100,22150,21000,21400,1536463
2022-10-12,21450,22100,21200,22100,1305719
2022-10-13,22000,22000,20550,20700,2604598
2022-10-14,21150,21250,20700,21050,1866185
2022-10-17,20800,21500,20400,21350,935143
2022-10-18,21650,22650,21650,22550,2167700
2022-10-19,22750,23400,22650,23200,2041230
2022-10-20,22900,23450,22600,22750,1425325
2022-10-21,22950,22950,21550,21700,2355433
2022-10-24,22100,22450,21800,22000,1493662
2022-10-25,22250,22250,21500,21750,1320507
2022-10-26,21750,22100,21750,21950,1017707
2022-10-27,22250,22900,22200,22900,1221462
2022-10-28,22900,23500,22750,23150,1349215
2022-10-31,23550,23550,22400,23100,1319897
2022-11-01,23000,23550,22800,23450,1044739
2022-11-02,23250,23350,22750,22850,1136195
2022-11-03,22050,23100,22050,22800,1297311
2022-11-04,23600,24000,23350,23950,3409108
2022-11-07,24000,24300,23750,24100,1441787
2022-11-08,24400,24800,24100,24650,1631440
2022-11-09,24850,24900,24500,24700,1327758
2022-11-10,24500,24950,24450,24550,1479600
2022-11-11,25400,26600,25400,26500,3788481
2022-11-14,26500,26650,25700,25800,1859458
2022-11-15,25750,26200,25500,26150,1156668
2022-11-16,26200,26250,25600,25750,1312864
2022-11-17,25500,26000,25300,25300,791598
2022-11-18,25350,25700,25100,25200,829212
2022-11-21,25400,25550,24950,25150,741133
2022-11-22,25100,25100,24250,24300,1449024
2022-11-23,24500,25150,24250,25100,1105110
2022-11-24,25500,25500,24800,25050,770002
2022-11-25,25150,25300,24900,25050,510806
2022-11-28,25000,25000,24550,24550,681984
2022-11-29,24600,25750,24600,25200,2211295
2022-11-30,25150,25450,24900,25450,1528847
2022-12-01,25900,25900,25350,25500,1138052
2022-12-02,25500,25500,25000,25000,795301
2022-12-05,25150,26000,24900,25650,1597359
2022-12-06,25450,25750,25050,25150,1174277
2022-12-07,25000,26300,24950,26050,2445614
2022-12-08,26050,26050,25400,26000,2160886
2022-12-09,26100,26300,25800,26050,1324300
2022-12-12,25900,26050,25350,25600,1097222
2022-12-13,25800,25900,25200,25550,989962
2022-12-14,25500,25650,25150,25250,1065370
2022-12-15,25300,25500,24800,24850,1143521
2022-12-16,24500,24750,24200,24700,1245099
2022-12-19,24700,24950,24450,24600,739463
2022-12-20,24400,24900,24300,24450,880920
2022-12-21,24650,24700,24350,24550,707328
2022-12-22,24650,25000,24650,24900,980130
2022-12-23,24600,24850,24400,24400,801714
2022-12-26,24450,24750,24200,24300,821469
2022-12-27,24550,24650,24050,24200,1557794
2022-12-28,24050,24400,23850,24300,1199728
2022-12-29,24100,24150,22850,22950,2038736
2023-01-02,22950,23150,22500,22700,1083432
2023-01-03,22700,22850,22250,22600,916239
2023-01-04,22450,23150,22350,23050,1251489
2023-01-05,23200,23500,22900,23250,1376605
2023-01-06,23000,23500,22950,23150,1029974
2023-01-09,23500,24000,23450,23850,1183655
2023-01-10,23850,24100,23550,23700,1011348
2023-01-11,23700,23950,23550,23700,859928
2023-01-12,23950,23950,23600,23600,967413
2023-01-13,24000,24650,24000,24400,2012064
2023-01-16,24400,24500,24050,24400,884540
2023-01-17,24450,24550,24150,24450,957519
2023-01-18,24500,24900,24450,24750,1315014
2023-01-19,24650,24900,24500,24700,996493
2023-01-20,24600,24650,24200,24500,1382814
2023-01-25,24650,24700,24200,24300,1044354
2023-01-26,24400,24450,24200,24350,773062
2023-01-27,24400,24900,24300,24800,1596160
2023-01-30,24850,24950,24300,24300,1293141
2023-01-31,24250,24600,24250,24250,1390336
2023-02-01,24300,24650,24100,24350,1383183
2023-02-02,24650,24700,24000,24000,2451833
2023-02-03,24050,24100,23700,23850,1370299
2023-02-06,23800,24000,23500,23750,1057414
2023-02-07,23650,23700,23400,23450,1374211
2023-02-08,23500,23800,23450,23650,1007918
2023-02-09,23600,23850,23450,23650,1333688
2023-02-10,23500,23950,23300,23400,1590573
2023-02-13,23450,23500,23100,23450,1081725
2023-02-14,23550,23650,23300,23300,1248656
2023-02-15,23350,23500,23050,23100,1140415
2023-02-16,23200,23600,23200,23400,1055557
2023-02-17,23250,23700,23200,23650,948656
2023-02-20,23600,23600,23250,23450,641010
2023-02-21,23650,23700,23400,23500,752353
2023-02-22,23200,23400,23000,23000,1195501
2023-02-23,23000,23350,23000,23050,1153617
2023-02-24,23100,23350,23050,23050,839865
2023-02-27,22950,23100,22600,23050,818558
2023-02-28,23100,23300,22750,22750,1247981
2023-03-02,23100,23750,23050,23500,1898277
2023-03-03,23550,23650,23250,23400,953001
2023-03-06,23650,23700,23450,23700,1139727
2023-03-07,23700,23700,23450,23450,1284782
2023-03-08,23400,23850,23200,23800,1870525
2023-03-09,23850,23900,23450,23550,1537126
2023-03-10,23300,23350,23000,23100,953928
2023-03-13,23000,23250,22800,23150,1054255
2023-03-14,22900,23100,22250,22250,1608222
2023-03-15,22500,22700,22100,22150,979609
2023-03-16,21900,22400,21650,22350,957044
2023-03-17,22550,22900,22350,22700,1003611
2023-03-20,22500,23000,22500,22750,594698
2023-03-21,22850,22950,22650,22700,516665
2023-03-22,22950,22950,22650,22700,569458
2023-03-23,22600,22900,22500,22750,722389
2023-03-24,22650,22800,22450,22800,785323
2023-03-27,22750,22750,22400,22550,634094
2023-03-28,22600,22800,22550,22700,613513
2023-03-29,22700,23200,22700,23000,1303486
2023-03-30,23250,23500,23000,23400,1242006
2023-03-31,23500,23500,23200,23200,1042796
2023-04-03,23150,23350,23100,23150,871385
2023-04-04,23100,23350,23100,23150,753418
2023-04-05,23150,23300,23000,23000,827598
2023-04-06,22950,23000,22700,22800,799121
2023-04-07,22750,22950,22650,22750,761073
2023-04-10,22750,22900,22600,22700,822547
2023-04-11,22850,23150,22700,23050,1007981
2023-04-12,23100,23200,22900,23100,929724
2023-04-13,22900,23250,22900,23250,955209
2023-04-14,23250,23300,23050,23150,1075174
2023-04-17,23100,23350,22900,23350,1133175
2023-04-18,23250,23300,22950,23200,1180600
2023-04-19,23200,23550,23100,23450,1528205
2023-04-20,23550,23950,23300,23550,1711027
2023-04-21,23450,23500,23000,23250,875469
2023-04-24,23250,23250,22900,22950,850547
2023-04-25,22800,23000,22700,22700,866428
2023-04-26,22950,22950,22600,22650,615070
2023-04-27,22650,22800,22350,22650,893459
2023-04-28,22650,22850,22450,22850,818438
2023-05-02,22850,23100,22800,23100,686398
2023-05-03,22950,23150,22900,22950,408202
2023-05-04,23000,23000,22550,22850,662971
2023-05-08,22850,22950,22750,22850,636230
2023-05-09,22900,22950,22700,22700,632883
2023-05-10,22750,22850,22600,22650,626567
2023-05-11,22700,22950,22650,22800,784137
2023-05-12,22800,22850,22650,22700,465149
2023-05-15,22650,22650,22400,22600,659226
2023-05-16,22600,22800,22450,22500,578620
2023-05-17,22400,22600,22400,22500,470950
2023-05-18,22600,22600,22200,22300,861638
2023-05-19,22200,22400,22100,22350,862710
2023-05-22,22350,22700,22300,22600,854220
2023-05-23,22600,22800,22500,22550,628497
2023-05-24,22450,22550,22300,22350,583473
2023-05-25,22250,22300,22050,22050,1103892
2023-05-26,22000,22050,21900,21900,732933
2023-05-30,21900,22150,21900,22100,751222
2023-05-31,22100,22300,22050,22100,989874
2023-06-01,22150,22200,21800,21800,712081
2023-06-02,21850,21900,21700,21750,798647
2023-06-05,21850,22100,21800,22050,648883
2023-06-07,22050,22650,22050,22500,1375462
2023-06-08,22400,22450,22150,22300,844111
2023-06-09,22400,22550,22200,22500,828957
2023-06-12,22550,22600,22400,22600,648998
2023-06-13,22750,23450,22700,23400,2710146
2023-06-14,23500,23550,23200,23350,1372050
2023-06-15,23400,23500,23100,23150,1000489
2023-06-16,23600,24350,23550,24250,4389820
2023-06-19,24400,24650,24150,24400,2171860
2023-06-20,24400,24600,24250,24300,1261379
2023-06-21,24250,24250,23550,23650,1566316
2023-06-22,23650,23700,23250,23300,844374
2023-06-23,23550,23850,23250,23650,1160273
2023-06-26,23400,23750,23000,23650,791237
2023-06-27,23550,23800,23300,23750,845519
2023-06-28,24100,24550,24050,24200,2114330
2023-06-29,24100,24400,23700,24100,1607074
2023-06-30,24150,24450,23850,24350,1230074
2023-07-03,24400,24550,24150,24500,1187457
2023-07-04,24450,25000,24350,24900,1711991
2023-07-05,24950,25800,24900,25700,3545770
2023-07-06,25700,25800,25350,25500,1775632
2023-07-07,25350,25450,24850,25050,1151081
2023-07-10,25050,25550,24950,25250,1028010
2023-07-11,25450,25700,25350,25550,1068637
2023-07-12,25650,25950,25400,25850,1415615
2023-07-13,26000,26000,25450,25550,1812116
2023-07-14,25700,26200,25650,26100,2083307
2023-07-17,26100,26100,25600,25750,1403437
2023-07-18,25850,26150,25700,25750,1237448
2023-07-19,25900,26000,25300,25450,1663813
2023-07-20,25450,26400,25450,26250,2186028
2023-07-21,26250,26250,25700,25950,875926
2023-07-24,25800,25850,25200,25600,1299670
2023-07-25,25550,25900,24600,24750,2148177
2023-07-26,24600,24750,23750,24150,2439472
2023-07-27,24350,24900,24200,24700,1577764
2023-07-28,24450,24850,24100,24550,927263
2023-07-31,24600,24800,24300,24600,1166117
2023-08-01,24500,25000,24350,24850,1137655
2023-08-02,24800,24800,24000,24050,1346339
2023-08-03,24200,24600,23650,23900,1234391
2023-08-04,23800,24100,23550,23950,936927
2023-08-07,23800,23950,23550,23750,878039
2023-08-08,23950,24950,23950,24550,2254468
2023-08-09,24650,24650,24100,24150,1381824
2023-08-10,24700,25150,24550,24850,2537709
2023-08-11,25200,25600,24850,25000,1565510
2023-08-14,25000,25300,24700,24800,990955
2023-08-16,24450,24600,24150,24350,959494
2023-08-17,24050,24200,23600,23900,840602
2023-08-18,23500,23900,23500,23650,681464
2023-08-21,23700,23800,23100,23200,989976
2023-08-22,23250,23450,23200,23300,582720
2023-08-23,23200,23500,23100,23300,532845
2023-08-24,23400,23450,23250,23350,481579
2023-08-25,23100,23250,23100,23150,471953
2023-08-28,23350,23400,23150,23150,552539
2023-08-29,23300,23400,23150,23200,593305
2023-08-30,23400,23450,23050,23050,809173
2023-08-31,23100,23150,22700,22800,1141081
2023-09-01,22700,22950,22700,22800,590716
2023-09-04,22850,23150,22800,23100,571443
2023-09-05,23000,23100,22800,22850,805409
2023-09-06,22750,22800,22300,22400,1393743
2023-09-07,22400,22700,22400,22500,624837
2023-09-08,22500,22800,22500,22750,632459
2023-09-11,22750,22750,22500,22550,477871
2023-09-12,22600,22900,22600,22650,762745
2023-09-13,22550,22700,22450,22700,530819
2023-09-14,22700,22800,22550,22700,1017824
2023-09-15,22700,22950,22650,22950,1213272
2023-09-18,22850,22900,22400,22550,980232
2023-09-19,22500,22650,22450,22600,445083
2023-09-20,22500,22650,22450,22650,396116
2023-09-21,22500,22600,22450,22450,639110
2023-09-22,22350,22350,22100,22150,473306
2023-09-25,22200,22250,22000,22050,534650
2023-09-26,22050,22100,21950,22000,516417
2023-09-27,21800,22000,21700,21750,705500
2023-10-04,21500,21550,21000,21000,1142829
2023-10-05,21300,21350,21100,21200,726585
2023-10-06,21200,21250,21050,21050,410575
2023-10-10,20500,20850,20300,20500,1637313
2023-10-11,20650,20850,20400,20450,992084
2023-10-12,20750,20750,20350,20600,1007961
2023-10-13,20450,20550,20000,20150,1092248
2023-10-16,20150,20150,19380,19780,1887062
2023-10-17,19870,19970,19810,19880,737496
2023-10-18,19880,20150,19750,20150,711070
2023-10-19,19990,20100,19580,19630,943158
2023-10-20,19430,19590,19220,19350,753591
2023-10-23,19350,19650,19310,19570,559390
2023-10-24,19760,19850,19270,19820,586017
2023-10-25,19850,20150,19820,19890,633550
2023-10-26,19690,19820,19360,19590,624971
2023-10-27,19810,19870,19510,19670,441098
2023-10-30,19600,20300,19570,19900,849130
2023-10-31,20050,20550,20050,20500,1150941
2023-11-01,20350,20450,19940,20200,607370
2023-11-02,20350,20550,20100,20150,609243
2023-11-03,20350,20500,20150,20450,569772
2023-11-06,20750,21150,20500,21150,1220631
2023-11-07,21050,21050,20600,20850,575198
2023-11-08,21150,21200,20800,20800,518820
2023-11-09,20900,21700,20850,21650,1180400
2023-11-10,21450,21550,21200,21300,406811
2023-11-13,21300,21400,20850,21100,488084
2023-11-14,21300,21700,21250,21400,477183
2023-11-15,21900,21950,21600,21950,1067828
2023-11-16,21950,22350,21900,21950,785901
2023-11-17,22200,22700,22100,22550,1347119
2023-11-20,22400,22550,22050,22350,701806
2023-11-21,22550,22850,22450,22600,1054539
2023-11-22,22350,22600,22250,22350,535508
2023-11-23,22500,22800,22450,22800,921535
2023-11-24,22700,22800,22250,22400,583689
2023-11-27,22250,22350,21950,22050,649007
2023-11-28,22250,22500,22250,22350,873119
2023-11-29,22350,22350,22100,22100,617363
2023-11-30,22100,22450,21800,22450,1005196
2023-12-01,22450,22800,22300,22350,1113990
2023-12-04,22600,22750,22400,22600,860178
2023-12-05,22550,22600,22400,22450,662471
2023-12-06,22400,22500,22300,22300,466145
2023-12-07,22600,23350,22450,22550,1401206
2023-12-08,22700,22900,22550,22700,597890
2023-12-11,22850,22850,22500,22700,463220
2023-12-12,22800,23100,22700,23050,1277601
2023-12-13,23300,23350,22950,23050,796562
2023-12-14,23200,23450,23150,23250,1490456
2023-12-15,23350,23850,23300,23850,1642333
2023-12-18,23700,23750,23250,23300,765542
2023-12-19,23150,23450,23050,23450,572381
2023-12-20,23600,23750,23500,23600,805807
2023-12-21,23350,24000,23350,23850,718977
2023-12-22,23950,23950,23550,23700,808097
2023-12-26,23900,24100,23600,24000,1184309
2023-12-27,23750,23800,23300,23450,896421
2023-12-28,23550,23900,23450,23900,715804
2024-01-02,23750,24000,23600,23900,681904
2024-01-03,23850,23900,23000,23000,1033606
2024-01-04,22700,23100,22500,23000,666691
2024-01-05,23000,23150,22750,23050,642293
2024-01-08,23100,23150,22500,22700,896223
2024-01-09,23050,23600,22900,23600,1286376
2024-01-10,23800,23900,23400,23600,647619
2024-01-11,23750,23800,23150,23150,758890
2024-01-12,23100,23100,22700,22850,827187
2024-01-15,23200,24300,22900,22950,1694503
2024-01-16,22950,23100,22550,22650,635209
2024-01-17,22650,22750,22100,22100,733583
2024-01-18,22000,22550,21950,22250,618877
2024-01-19,22550,23000,22400,23000,726618
2024-01-22,23000,23000,22450,22500,521048
2024-01-23,22600,22650,22300,22500,673378
2024-01-24,22400,22500,22150,22300,641840
2024-01-25,22200,22500,22150,22500,443200
2024-01-26,22350,22700,22350,22600,506115
2024-01-29,22450,22600,22300,22400,515636
2024-01-30,22500,22600,22300,22450,610535
2024-01-31,22500,22500,22150,22500,866776
2024-02-01,23000,23350,22400,22700,1269391
2024-02-02,22750,23200,22550,23150,1046922
2024-02-05,23150,23200,22650,22850,753129
2024-02-06,22750,22900,22650,22900,541475
2024-02-07,23000,23150,22800,23050,722661
2024-02-08,23100,23100,22850,22850,798335
2024-02-13,23050,23750,23000,23650,1683410
2024-02-14,23650,23700,23150,23300,1145168
2024-02-15,23450,23500,22800,22900,845557
2024-02-16,23100,23150,22900,23100,529237
2024-02-19,23100,23400,23100,23400,888082
2024-02-20,23400,23600,23300,23600,1048785
2024-02-21,23600,23750,23400,23500,774151
2024-02-22,23700,23700,23400,23450,515605
2024-02-23,23600,23600,23200,23200,563125
2024-02-26,23300,23300,23000,23000,666941
2024-02-27,23100,23150,22500,22600,1028565
2024-02-28,22450,22750,22350,22700,634830
2024-02-29,22500,23450,22400,23000,2221586
2024-03-04,23100,23200,22600,22600,936680
2024-03-05,22500,22800,22450,22450,624648
2024-03-06,22400,22450,22200,22250,721116
2024-03-07,22300,22400,22050,22200,581419
2024-03-08,22400,22500,22200,22200,462218
2024-03-11,22200,22450,22100,22450,540112
2024-03-12,22450,22450,22150,22250,523859
2024-03-13,22300,22300,22150,22200,578441
2024-03-14,22200,22250,22000,22250,1276290
2024-03-15,22100,22150,21900,22150,1266145
2024-03-18,22150,22150,21800,21800,822452
2024-03-19,21750,21800,21250,21350,1249970
2024-03-20,21450,21650,21400,21400,573629
2024-03-21,21550,21800,21550,21750,696110
2024-03-22,21750,22100,21750,21800,761816
2024-03-25,21800,21950,21800,21800,355730
2024-03-26,21900,22000,21800,21800,688979
2024-03-27,21700,21900,21700,21800,483215
2024-03-28,21900,21900,21700,21700,609229
2024-03-29,21750,21900,21700,21700,440509
2024-04-01,21750,22100,21700,22050,745443
2024-04-02,22000,22050,21600,21650,802978
2024-04-03,21550,21550,21400,21500,721566
2024-04-04,21550,21600,21200,21250,950798
2024-04-05,21100,21300,21000,21100,815889
2024-04-08,21100,21150,20850,21150,471216
2024-04-09,21150,21300,20950,20950,543658
2024-04-11,20900,21050,20700,21000,941622
2024-04-12,20900,20950,20500,20500,848790
2024-04-15,20250,20450,20150,20300,605318
2024-04-16,20100,20200,19960,19980,937775
2024-04-17,19990,20450,19990,20150,633641
2024-04-18,20450,20900,20450,20550,774408
2024-04-19,20450,20500,20000,20250,912650
2024-04-22,20650,20800,20500,20750,529002
2024-04-23,20750,20800,20550,20800,515632
2024-04-24,20850,20850,20650,20750,605859
2024-04-25,20600,20750,20450,20600,593647
2024-04-26,20650,20800,20550,20800,303024
2024-04-29,20850,21100,20750,21050,652712
2024-04-30,21050,21250,20900,20950,680704
2024-05-02,21000,21300,20900,21200,636576
2024-05-03,21400,21400,21250,21300,375592
2024-05-07,21500,21600,21400,21500,686157
2024-05-08,21500,21800,21500,21800,581006
2024-05-09,21850,22100,21800,21900,1168289
2024-05-10,22100,22200,22000,22000,548470
2024-05-13,22150,22200,21800,21950,591311
2024-05-14,21950,22000,21800,21900,373051
2024-05-16,22000,22100,21600,21850,885681
2024-05-17,21750,21900,21650,21700,396773
2024-05-20,21850,21850,21650,21700,373518
2024-05-21,21500,21600,21300,21400,610785
2024-05-22,21300,21350,21000,21150,689785
2024-05-23,21050,21400,21050,21200,372338
2024-05-24,21050,21150,20800,20900,569427
2024-05-27,20900,21100,20850,21050,542072
2024-05-28,21000,21100,20900,21000,448538
2024-05-29,20850,20900,20500,20650,962257
2024-05-30,20450,20600,20400,20400,456661
2024-05-31,20600,20950,20500,20850,1163476
2024-06-03,21100,21450,21050,21450,696871
2024-06-04,21450,21900,21200,21800,1171522
2024-06-05,21800,21950,21500,21800,770462
2024-06-07,21800,22300,21800,22150,1223582
2024-06-10,21950,22200,21550,21950,951530
2024-06-11,22050,22250,21800,22150,909979
2024-06-12,22150,22300,22150,22250,635997
2024-06-13,22300,22600,22300,22350,1670913
2024-06-14,22250,22550,22200,22250,687750
2024-06-17,22200,22300,21850,21850,655714
2024-06-18,21850,22000,21700,21750,422691
2024-06-19,21700,21750,21350,21550,950153
2024-06-20,21500,21650,21350,21400,786231
2024-06-21,21400,21600,21350,21450,770390
2024-06-24,21450,21550,21300,21350,525931
2024-06-25,21550,22050,21350,22050,1057323
2024-06-26,22100,22500,22000,22400,1490653
2024-06-27,22200,23950,22150,23600,5780924
2024-06-28,23800,23850,23250,23250,1785359
2024-07-01,23250,23950,23200,23550,1605144
2024-07-02,23200,23400,22600,22850,1886892
2024-07-03,22950,23300,22700,22700,682093
2024-07-04,22850,22950,22550,22750,849967
2024-07-05,22700,23000,22600,22650,837874
2024-07-08,22850,23100,22600,22700,919711
2024-07-09,22900,22900,22500,22550,724843
2024-07-10,22450,22500,22200,22250,839709
2024-07-11,22400,22550,22200,22250,907481
2024-07-12,22250,22350,21900,22100,707146
2024-07-15,22200,22300,22050,22050,514116
2024-07-16,22150,22250,22000,22000,586408
2024-07-17,22300,22500,22100,22200,752506
2024-07-18,22300,22300,21950,22100,524476
2024-07-19,21900,22000,21400,21550,1354185
2024-07-22,21500,21650,21350,21400,600286
2024-07-23,21550,21600,21150,21150,839606
2024-07-24,21150,21500,21100,21250,529353
2024-07-25,21200,21400,20900,21100,924386
2024-07-26,21350,21350,21050,21150,428590
2024-07-29,21200,21400,21100,21350,472259
2024-07-30,21250,21300,21000,21100,565800
2024-07-31,21100,21250,21050,21250,580684
2024-08-01,21150,21250,21050,21200,550864
2024-08-02,21000,21100,20800,20950,880310
2024-08-05,20700,20750,19400,19900,1943327
2024-08-06,20050,20500,19900,20050,1135644
2024-08-07,19960,20450,19900,20350,740995
2024-08-08,20100,20650,19950,20650,954488
2024-08-09,20800,20800,20400,20650,650073
2024-08-12,20650,20750,20450,20650,448897
2024-08-13,20400,20700,20400,20700,521055
2024-08-14,20900,20900,20600,20750,467262
2024-08-16,20900,21200,20850,21150,786004
2024-08-19,21250,21250,21000,21150,389639
2024-08-20,21250,21750,21150,21700,969406
2024-08-21,21800,22450,21750,22200,1438176
2024-08-22,22200,22400,21950,22250,982551
2024-08-23,22150,22250,21800,22100,680208
2024-08-26,22200,22750,22050,22650,1502485
2024-08-27,22600,22650,22250,22450,545143
2024-08-28,22500,22500,21900,22200,646521
2024-08-29,22050,22250,21900,22100,509801
2024-08-30,22250,22300,21950,22050,923809
2024-09-02,22150,22250,21950,22100,504888
2024-09-03,22050,22200,21950,22000,479771
2024-09-04,21450,21800,21450,21650,846285
2024-09-05,21750,22750,21750,22450,1534980
2024-09-06,22700,22700,22000,22250,896456
2024-09-09,21900,22250,21750,22050,638354
2024-09-10,22300,22300,21900,21900,478244
2024-09-11,22250,22550,21750,21900,1255158
2024-09-12,21900,22250,21750,22200,1287199
2024-09-13,22150,22400,22050,22400,593573
2024-09-19,22650,22800,22250,22600,1036967
2024-09-20,22700,22750,22300,22550,905415
2024-09-23,22350,22400,22050,22200,555800
2024-09-24,22300,22500,22200,22500,690506
2024-09-25,22700,22850,22450,22450,838714
2024-09-26,22500,22700,22450,22700,745010
2024-09-27,23100,23350,22850,22950,2104593
2024-09-30,23050,23150,22550,22550,769311
2024-10-02,22050,22900,21900,22550,1165884
2024-10-04,22300,22300,21500,21700,1484568
2024-10-07,21650,21650,21300,21600,688255
2024-10-08,21400,21700,21350,21600,691292
2024-10-10,21900,22200,21750,21800,963164
2024-10-11,21800,22050,21600,21700,515270
2024-10-14,21650,21850,21550,21850,442516
2024-10-15,22000,22150,21850,22100,718932
2024-10-16,21950,22200,21850,22100,584603
2024-10-17,22350,23000,22250,22850,1474121
2024-10-18,22950,23200,22700,23150,1260621
2024-10-21,23200,23700,23100,23600,1588713
2024-10-22,23550,23550,23200,23550,1018313
2024-10-23,23600,23700,22900,23300,1134374
2024-10-24,23150,23550,23100,23450,725954
2024-10-25,23450,23700,23250,23300,660587
2024-10-28,23300,23800,23300,23700,1007333
2024-10-29,23800,24200,23750,24150,1746370
2024-10-30,24150,24350,23950,24050,1380306
2024-10-31,24050,24250,23800,23900,1443138
2024-11-01,23550,23950,23500,23600,861543
2024-11-04,23800,24500,23750,24350,2032065
2024-11-05,24350,24500,23900,24500,1280521
2024-11-06,24500,24500,23950,24100,976862
2024-11-07,24250,24400,23700,24150,1024254
2024-11-08,24300,24450,23850,23950,737292
2024-11-11,23850,24100,23600,23800,842123
2024-11-12,23750,23800,23050,23200,1139438
2024-11-13,23100,23450,23100,23300,972626
2024-11-14,23300,24000,23250,23700,1665930
2024-11-15,23700,24450,23600,24150,1642453
2024-11-18,23950,24250,23700,24200,1022424
2024-11-19,24000,24750,24000,24650,1765265
2024-11-20,24650,24800,24450,24500,744715
2024-11-21,24500,24600,24050,24300,776586
2024-11-22,24450,24500,24150,24300,506705
2024-11-25,24500,24700,24150,24200,1392332
2024-11-26,24150,25450,24150,25250,3237528
2024-11-27,25300,25400,25000,25250,1060593
2024-11-28,25250,25500,25050,25450,945852
2024-11-29,26000,26000,23700,25950,6268185
2024-12-02,26000,26150,25650,25650,1653325
2024-12-03,25800,25900,25300,25650,1357968
2024-12-04,25000,25400,24500,24750,2384103
2024-12-05,24650,24900,24000,24550,1049401
2024-12-06,24600,24900,23600,24300,1232809
2024-12-09,23600,23700,23000,23250,1838392
2024-12-10,23400,23900,23250,23600,1226527
2024-12-11,23600,24300,23450,24250,829863
2024-12-12,24400,24600,24000,24200,1647787
2024-12-13,24200,24550,24100,24550,996656
2024-12-16,24550,24850,24350,24600,1020650
2024-12-17,24600,24600,24000,24150,951859
2024-12-18,24200,24850,24100,24800,937049
2024-12-19,24300,24750,24100,24300,946514
2024-12-20,24200,24300,23300,23500,1186196
2024-12-23,23550,23700,23300,23700,589313
2024-12-24,23650,24100,23550,23950,704211
2024-12-26,24000,24100,23750,23800,791219
2024-12-27,23550,23600,23200,23300,1179134
2024-12-30,22800,23600,22600,22600,1448703
2025-01-02,22650,23600,22600,23550,1377396
2025-01-03,23550,23850,23350,23450,949633
2025-01-06,23450,23550,23200,23400,852914
2025-01-07,23500,23800,23200,23250,930415
2025-01-08,23150,23400,22900,22900,885628
2025-01-09,22950,23350,22750,23350,1018102
2025-01-10,23200,23250,22850,22950,1022114
2025-01-13,22950,23400,22850,23000,845096
2025-01-14,23050,23100,22650,22700,567556
2025-01-15,22900,23200,22850,23000,752313
2025-01-16,23150,23150,22850,23000,599381
2025-01-17,23300,24000,23100,23950,2335746
2025-01-20,24000,24200,23850,24150,904772
2025-01-21,24200,24250,23750,24050,721888
2025-01-22,24200,24250,23900,24050,882474
2025-01-23,24100,24650,24050,24250,1244085
2025-01-24,24400,24800,24350,24600,1282772
2025-01-31,24550,24800,24350,24800,1162529
2025-02-03,24450,24450,23350,23500,1447966
2025-02-04,23950,24100,23550,23600,922442
2025-02-05,23750,23900,23650,23750,516309
2025-02-06,23900,24150,23850,24050,585812
2025-02-07,23950,24100,23500,23600,974946
2025-02-10,23950,24050,23700,23900,1062228
2025-02-11,23850,23900,23500,23600,922976
2025-02-12,23700,23700,23450,23550,609590
2025-02-13,23700,23950,23550,23600,1069613
2025-02-14,23650,23700,23150,23250,1216982
2025-02-17,23350,23850,23300,23850,1110851
2025-02-18,23900,24400,23850,24050,1249710
2025-02-19,24150,24400,23950,24000,945878
2025-02-20,24000,24600,23900,24250,1283384
2025-02-21,24300,24700,24200,24450,1613177
2025-02-24,24200,24650,24200,24650,742954
2025-02-25,24600,24600,24050,24250,990384
2025-02-26,24300,24450,24100,24150,673551
2025-02-27,24250,24950,24200,24400,2015027
2025-02-28,24050,24150,23500,23600,1840528
2025-03-04,23600,23950,23300,23650,775272
2025-03-05,23550,23850,23450,23650,844548
2025-03-06,24000,24350,23850,24200,1213338
2025-03-07,24150,24300,23950,24250,652015
2025-03-10,24150,24600,24000,24300,938261
2025-03-11,23800,24000,23050,23250,2136888
2025-03-12,23300,23450,23150,23300,830046
2025-03-13,23200,23300,22700,23000,2260967
2025-03-14,22750,22900,22500,22700,1095616
2025-03-17,22850,23050,22750,22850,972604
2025-03-18,23000,23050,22650,22700,1015742
2025-03-19,22700,22800,22600,22750,940872
2025-03-20,22750,22850,22400,22400,1562246
2025-03-21,22400,22600,22350,22400,1056892
2025-03-24,22400,22450,22200,22300,656854
2025-03-25,22350,22550,22250,22450,888950
2025-03-26,22450,22600,22250,22300,583186
2025-03-27,22100,22250,22000,22200,610719
2025-03-28,22150,22200,21750,21950,718571
2025-03-31,21600,21700,21150,21300,1165162
2025-04-01,21300,21650,21300,21500,749762
2025-04-02,21450,21750,21250,21600,876604
2025-04-03,21100,21250,20800,21050,1186532
2025-04-04,20600,21550,20550,21550,983943
2025-04-07,20900,21150,20550,20650,1094397
2025-04-08,20950,21000,20450,20450,835356
2025-04-09,20150,20400,19990,20150,862644
2025-04-10,20950,21400,20450,21400,1598163
2025-04-11,20850,21000,20550,21000,834468
2025-04-14,21200,21250,20850,21000,826816
2025-04-15,21000,21050,20550,20700,1901299
2025-04-16,20600,20650,20050,20150,1584239
2025-04-17,20300,20450,20200,20250,713893
2025-04-18,20400,20550,20200,20550,571132
2025-04-21,20550,20650,20350,20450,356491
2025-04-22,20400,20450,20200,20200,886900
2025-04-23,20500,20850,20350,20850,928709
2025-04-24,21000,21150,20650,20750,675794
2025-04-25,20900,20900,20650,20800,676689
2025-04-28,20900,20950,20700,20750,389757
2025-04-29,20850,20950,20750,20850,545429
2025-04-30,20850,21250,20750,20950,1146263
2025-05-02,20950,21100,20800,21000,700870
2025-05-07,22050,22950,22000,22650,5127876
2025-05-08,22650,22800,22500,22550,1642755
2025-05-09,22550,22600,22000,22050,1215110
2025-05-12,22500,22750,22250,22600,1168938
2025-05-13,22900,23000,22350,22450,1101506
2025-05-14,22700,23000,22600,22800,1636013
2025-05-15,22900,23100,22400,22650,1114502
2025-05-16,22750,22750,22300,22350,888030
2025-05-19,22150,22450,21950,22300,561968
2025-05-20,22550,22550,22000,22100,814830
2025-05-21,22050,22200,21850,21900,586709
2025-05-22,22550,22950,22400,22450,1839489
2025-05-23,22500,22800,22250,22600,753472
2025-05-26,22900,22900,22400,22800,813114
2025-05-27,22550,22700,22400,22550,575847
2025-05-28,22550,22800,22450,22700,1132861
2025-05-29,22900,23000,22650,22900,1302732
2025-05-30,22900,23000,22500,22500,1815349
2025-06-02,22500,22800,22400,22650,671567
2025-06-04,22650,22950,22600,22800,1125126
2025-06-05,23150,23500,22800,22800,1560863
2025-06-09,22900,23275,22850,22900,1333354
2025-06-10,23100,23100,22850,22950,1107139
2025-06-11,23050,23050,22750,22850,1309602
2025-06-12,22700,22750,22250,22300,2637100
2025-06-13,22400,22400,21250,21450,3035209
2025-06-16,21300,21450,21050,21350,1455552
2025-06-17,21600,21800,21400,21500,1135189
2025-06-18,21200,21600,21100,21350,1392847
2025-06-19,21550,21700,21350,21400,1448880
2025-06-20,21550,21600,21300,21550,1798764
2025-06-23,21650,21900,21400,21500,1985939
2025-06-24,22450,23500,22450,23450,6065233
2025-06-25,24400,24450,23400,23900,4765714
2025-06-26,23950,24250,23600,24000,2867046
2025-06-27,24150,24200,23150,23300,1947735
2025-06-30,23050,23100,22650,22900,2077008
2025-07-01,22900,23150,22850,22900,1323762
2025-07-02,22900,23750,22900,23400,2349337
2025-07-03,23400,24050,23250,24000,2338173
2025-07-04,24100,24150,23500,23550,1592343
2025-07-07,23400,23800,23350,23600,895143
2025-07-08,23450,24000,23350,23800,1704326
2025-07-09,23950,24000,23650,23850,1437164
2025-07-10,23900,24800,23800,24450,3094954
2025-07-11,25300,25350,24650,24850,2990016
2025-07-14,24650,26750,24600,26250,7255368
2025-07-15,26050,26500,25700,26200,2873619
2025-07-16,26500,26550,25800,25800,1773996
2025-07-17,25950,26300,25550,26200,2024853
2025-07-18,26300,26400,25500,25950,1478874
2025-07-21,25800,25900,25300,25400,1765303
2025-07-22,25400,25600,24800,25100,1626748
2025-07-23,25400,25700,24850,25250,1343344
2025-07-24,25450,25450,24550,24600,1763948
2025-07-25,24550,24650,24200,24350,1003136
2025-07-28,24450,24700,23850,24050,1497540
2025-07-29,23950,24000,23600,23850,1260199
2025-07-30,23850,24200,23800,24000,1149138
2025-07-31,24100,24200,23650,23700,1179980
2025-08-01,23500,23700,23200,23250,1124587
2025-08-04,23000,23350,22950,23100,658970
2025-08-05,23500,23600,23150,23250,944820
2025-08-06,23400,24000,23400,23800,1201459
2025-08-07,23950,23950,23650,23950,646023
2025-08-08,24000,24500,23800,24150,1048617
2025-08-11,24300,24600,23950,23950,739059
2025-08-12,23900,24150,23800,23850,587227
2025-08-13,24350,25400,24300,25150,3683060
2025-08-14,25250,25300,24750,24900,1439729
2025-08-18,25050,25150,24750,24850,930901
2025-08-19,24900,25300,24750,25150,1199608
2025-08-20,24700,25050,24450,25050,1209512
2025-08-21,25050,25100,24750,24950,1012067
2025-08-22,25000,25350,24750,24850,1033044
2025-08-25,25150,25750,25100,25600,1652350
2025-08-26,25500,25500,24400,24550,2331110
2025-08-27,24700,24750,24050,24150,1132564
2025-08-28,24300,24300,23800,23850,893370
2025-08-29,24000,24050,23550,23750,881016
2025-09-01,23650,23800,23450,23600,567333
2025-09-02,23600,23700,23400,23450,835351
2025-09-03,23500,23750,23350,23450,621917
2025-09-04,23600,23700,23450,23600,858190
2025-09-05,23700,23775,23550,23650,775323
2025-09-08,23800,23850,23450,23550,732006
2025-09-09,23650,23700,23500,23600,905888
2025-09-10,23700,23950,23650,23900,1020622
2025-09-11,24000,24050,23600,23750,1277836
2025-09-12,23850,23900,23700,23900,1152258
2025-09-15,23850,23900,23550,23600,1206768
2025-09-16,23600,23650,23300,23350,1253499
2025-09-17,23400,23900,23300,23750,1143674
2025-09-18,23700,23750,23500,23600,885255
2025-09-19,23650,23700,23100,23100,2136208
2025-09-22,23400,23750,23175,23250,1644992
2025-09-23,23400,23450,22950,23100,2075083
2025-09-24,23150,23150,22850,23050,931696
2025-09-25,22950,23100,22850,22900,1281014
2025-09-26,22850,22900,22550,22700,1165055
2025-09-29,22800,23200,22750,23200,877357
2025-09-30,23250,23250,22650,22750,1821735
2025-10-01,22750,22900,22700,22700,627414
2025-10-02,22800,23000,22700,23000,1768150
2025-10-10,22800,22850,22500,22600,1773019
2025-10-13,22200,22300,21950,22000,2332121
2025-10-14,22000,22350,21950,22000,1639588
2025-10-15,22050,22150,22000,22050,1184924
2025-10-16,22300,22450,22150,22350,1840901
2025-10-17,22450,22500,22000,22150,1484563
2025-10-20,22100,22600,21900,22600,1591865
2025-10-21,22750,22950,22450,22550,1475905
2025-10-22,22400,22750,22300,22750,1349855
2025-10-23,22800,22800,22450,22500,1216889
2025-10-24,22600,22650,22300,22400,1434966
2025-10-27,22400,22450,22250,22300,1290084
2025-10-28,22350,22400,22200,22350,1229333
2025-10-29,22350,22450,22050,22100,1650167
2025-10-30,22750,23050,22350,22500,2531185
2025-10-31,22350,22350,22100,22150,1468888
2025-11-03,22300,22300,22100,22200,1445266
2025-11-04,22200,22250,22000,22000,980178
2025-11-05,22300,22300,21550,22000,1879444
2025-11-06,22100,22150,21650,22050,1478021
2025-11-07,21900,21950,21650,21700,986507
2025-11-10,21850,22100,21750,22000,1077586
2025-11-11,22100,22200,21750,21800,1368683
2025-11-12,21850,22300,21800,22300,1342239
2025-11-13,22300,22350,22050,22300,1195763
2025-11-14,22000,22150,21900,21900,1009200
2025-11-17,21900,21950,21600,21600,994168
2025-11-18,21650,21750,21200,21250,1200361
2025-11-19,21450,21600,21200,21300,669491
2025-11-20,21450,21850,21400,21650,878063
2025-11-21,21350,21500,21300,21400,409354
2025-11-24,21700,21750,21000,21000,1355150
2025-11-25,21250,21400,21000,21100,605883
2025-11-26,21250,21750,21200,21700,994779
2025-11-27,21750,22000,21700,21800,812125
2025-11-28,21850,21900,21700,21850,484371
2025-12-01,21850,22050,21800,21950,742785
2025-12-02,22050,22150,22000,22100,629349
2025-12-03,22200,22400,22150,22400,1031263
2025-12-04,22450,22500,22150,22300,970475
2025-12-05,22200,22300,22050,22250,822392
2025-12-08,22350,22450,22200,22350,887072
2025-12-09,22450,22750,22400,22550,1447897
2025-12-10,22600,22600,22200,22200,738505
2025-12-11,22400,22400,22050,22100,1238545
2025-12-12,22300,22650,22300,22600,929387
2025-12-15,22400,22550,22250,22400,943600
2025-12-16,22500,22550,22150,22150,1017262
2025-12-17,22150,22350,22100,22200,764642
2025-12-18,22000,22150,21750,21950,1085529
2025-12-19,22100,22800,22100,22600,2649695
2025-12-22,22800,23050,22600,22950,2746424
2025-12-23,23000,23000,22600,22650,1220589
2025-12-24,22700,23450,22550,23000,3049493
2025-12-26,23200,23200,22850,22850,1880628
2025-12-29,22650,22900,22450,22800,1024851
2025-12-30,22950,23150,22500,22550,1190775
2026-01-02,22600,22650,22100,22200,1660008
2026-01-05,22400,22650,22300,22600,1603235
2026-01-06,22500,22600,22350,22500,1153922
2026-01-07,22450,22450,21900,22100,2123722
2026-01-08,22050,22050,21600,21650,1621842
2026-01-09,21800,22150,21700,22100,1019435
2026-01-12,22000,22100,21800,22100,1328549
2026-01-13,22150,22300,22000,22250,1294036
2026-01-14,22250,23100,22150,23100,3041403
2026-01-15,23100,23100,22700,23000,1807538
2026-01-16,23400,25050,23400,24300,14900485
2026-01-19,24600,24650,23700,24300,4425386
2026-01-20,24400,24600,23850,24450,3120823
2026-01-21,23850,24250,23650,24050,2682642
2026-01-22,24350,24400,24000,24100,1964616
2026-01-23,24150,24200,23800,24100,2156855
2026-01-26,24400,24500,23650,23700,2491174
2026-01-27,23850,24100,23700,23900,1901417
2026-01-28,24100,24100,23650,23800,2266467
2026-01-29,23650,23800,23150,23700,2672296
2026-01-30,23700,23800,23250,23300,1670412
2026-02-02,22950,23200,22400,22500,2742970
2026-02-03,22850,23050,22700,23050,1431186
2026-02-04,22950,23850,22900,23750,2262594
2026-02-05,23700,24750,23550,24150,6215585
2026-02-06,23850,23850,23100,23500,2827768
2026-02-09,23800,24250,23650,24200,2386143
2026-02-10,24100,25650,24100,24950,7421435
2026-02-11,25500,25500,24600,24950,3017406
2026-02-12,25000,25200,24550,24800,2729130
2026-02-13,24800,25200,24500,24800,2760898
2026-02-19,25600,25650,25200,25400,2716357
2026-02-20,25100,25250,24900,25150,2171391
2026-02-23,25500,26850,25350,26450,6303144
2026-02-24,26450,26700,26000,26500,2446386
2026-02-25,27000,29750,26600,28950,10295703
2026-02-26,28850,28900,27900,28100,3813989
2026-02-27,28700,28850,27900,28100,4030562
2026-03-03,26100,26600,25200,25200,6931403
2026-03-04,23900,24700,22850,23200,4888807
2026-03-05,24850,24900,24050,24500,3622054
2026-03-06,23750,24500,23350,24500,3100484
2026-03-09,22900,23050,22000,22400,4302046
2026-03-10,23900,24600,23500,24350,3901640
2026-03-11,24500,25400,24350,24600,2876455
2026-03-12,24150,24500,23650,24250,2600696
2026-03-13,23500,24900,23450,24300,1887694
2026-03-16,24200,25000,23950,24650,2134163
2026-03-17,25350,25500,24800,24850,1705189
2026-03-18,25350,25900,25350,25500,2237241
2026-03-19,24750,24900,24500,24550,1346720
2026-03-20,24950,26350,24900,26350,3704667
2026-03-23,25300,26050,24200,24300,3137328
2026-03-24,25500,25500,24200,24850,2156906
2026-03-25,25300,25800,25200,25400,1778163
2026-03-26,25350,25350,24850,24950,1190292
2026-03-27,24550,25350,24500,25300,2218835
2026-03-30,23950,24600,23600,24350,1338867
2026-03-31,23900,24200,23300,23550,2046728
